match_id,favorite,other,entry,exit,reason,pnl,pistol_won
hltv-2389651-103966,MOUZ,Aurora Gaming,0.58,0.435,SL,-0.14499999999999996,True
hltv-2389652-103972,Team Falcons,NRG,0.79,0.955,TP,0.16499999999999992,False
hltv-2389653-103979,Natus Vincere,FURIA,0.515,0.69,TP,0.17499999999999993,False
hltv-2389654-103977,FUT Esports,Astralis,0.595,0.46,SL,-0.13499999999999995,False
hltv-2389656-103994,Team Falcons,3DMAX,0.655,0.805,TP,0.15000000000000002,True
hltv-2389657-104002,FURIA,Astralis,0.625,0.46,SL,-0.16499999999999998,False
hltv-2389947-104312,Natus Vincere,Astralis,0.6,0.48,SL,-0.12,True
hltv-2389948-104317,Aurora Gaming,FUT Esports,0.525,0.635,TP,0.10999999999999999,False
hltv-2389952-104340,Team Falcons,3DMAX,0.715,0.56,SL,-0.15499999999999992,False
hltv-2389956-104371,Astralis,3DMAX,0.585,0.72,TP,0.135,True
hltv-2389958-104377,G2,PARIVISION,0.515,0.4,SL,-0.11499999999999999,True
hltv-2389959-104390,FURIA,FUT Esports,0.58,0.41,SL,-0.16999999999999998,False
hltv-2389960-104385,Aurora Gaming,paiN,0.605,0.76,TP,0.15500000000000003,True
hltv-2389961-104404,Vitality,TheMongolz,0.72,0.865,TP,0.14500000000000002,True
hltv-2389963-104429,Natus Vincere,Aurora Gaming,0.525,0.355,SL,-0.17000000000000004,True
hltv-2389964-104425,PARIVISION,FaZe,0.605,0.46,SL,-0.14499999999999996,True
hltv-2389965-104434,TheMongolz,B8,0.585,0.42,SL,-0.16499999999999998,True
hltv-2389966-104430,FUT Esports,Astralis,0.515,0.41,SL,-0.10500000000000004,True
hltv-2389970-104443,G2,paiN,0.68,0.36,SL,-0.32000000000000006,True
hltv-2389972-104462,FaZe,Astralis,0.575,0.45,SL,-0.12499999999999994,False
hltv-2389974-104468,Aurora Gaming,B8,0.67,0.375,SL,-0.29500000000000004,True
hltv-2389975-104482,FURIA,PARIVISION,0.565,0.435,SL,-0.12999999999999995,True
hltv-2389977-104519,Aurora Gaming,Astralis,0.53,0.41,SL,-0.12000000000000005,False
hltv-2389978-104525,PARIVISION,FUT Esports,0.57,0.435,SL,-0.13499999999999995,False
hltv-2389979-104530,G2,Natus Vincere,0.52,0.655,TP,0.135,True
hltv-2389980-104594,Team Falcons,PARIVISION,0.625,0.5,SL,-0.125,True
hltv-2389984-104660,MOUZ,PARIVISION,0.52,0.375,SL,-0.14500000000000002,True
hltv-2390811-105805,Team Falcons,NRG,0.7,0.865,TP,0.16500000000000004,False
hltv-2391140-105700,FUT Esports,Astralis,0.565,0.68,TP,0.1150000000000001,False
hltv-2391758-105904,FURIA,Aurora Gaming,0.555,0.425,SL,-0.13000000000000006,False
hltv-2391761-105949,Spirit,PARIVISION,0.665,0.505,SL,-0.16000000000000003,True
hltv-2391771-106232,Aurora Gaming,TheMongolz,0.525,0.645,TP,0.12,False
hltv-2391773-106290,Vitality,Aurora Gaming,0.745,0.905,TP,0.16000000000000003,False
hltv-2391774-106313,Natus Vincere,PARIVISION,0.505,0.395,SL,-0.10999999999999999,False
hltv-2393084-107112,Team Falcons,3DMAX,0.725,0.545,SL,-0.17999999999999994,True
hltv-2393086-107114,Natus Vincere,B8,0.685,0.825,TP,0.1399999999999999,True
hltv-2393088-107115,MOUZ,Legacy,0.615,0.465,SL,-0.14999999999999997,True
hltv-2393225-107127,Gentle Mates,RED Canids,0.595,0.465,SL,-0.12999999999999995,False
hltv-2393228-107138,Natus Vincere,FURIA,0.565,0.735,TP,0.17000000000000004,False
hltv-2393229-107137,B8,Passion UA,0.635,0.47,SL,-0.16500000000000004,False
hltv-2393230-107140,MOUZ,Aurora Gaming,0.525,0.405,SL,-0.12,False
hltv-2393232-107149,Spirit,RED Canids,0.82,0.645,SL,-0.17499999999999993,True
hltv-2393233-107147,G2,3DMAX,0.625,0.475,SL,-0.15000000000000002,False
hltv-2393234-107153,Aurora Gaming,B8,0.545,0.665,TP,0.12,True
hltv-2393235-107152,Natus Vincere,HOTU,0.705,0.885,TP,0.18000000000000005,True
hltv-2393236-107158,Vitality,Team Falcons,0.565,0.445,SL,-0.11999999999999994,False
hltv-2393238-107159,MOUZ,FURIA,0.555,0.675,TP,0.12,True
hltv-2393240-107175,Spirit,MOUZ,0.605,0.77,TP,0.16500000000000004,False
hltv-2393319-107557,Vitality,FUT Esports,0.805,0.97,TP,0.16499999999999992,True
hltv-2393320-107565,G2,Astralis,0.595,0.715,TP,0.12,False
hltv-2393333-107598,FUT Esports,Astralis,0.505,0.365,SL,-0.14,True
hltv-2393334-107607,Vitality,G2,0.685,0.865,TP,0.17999999999999994,True
hltv-2393335-107611,FURIA,FaZe,0.665,0.515,SL,-0.15000000000000002,False
hltv-2393336-107614,Natus Vincere,GamerLegion,0.675,0.865,TP,0.18999999999999995,False
hltv-2393346-107656,G2,FaZe,0.635,0.215,SL,-0.42000000000000004,False
hltv-2393347-107661,Astralis,GamerLegion,0.615,0.74,TP,0.125,True
hltv-2393348-107692,Natus Vincere,FaZe,0.645,0.505,SL,-0.14,False
hltv-2393349-107699,Vitality,GamerLegion,0.795,0.955,TP,0.15999999999999992,True
hltv-2393350-107729,Vitality,Natus Vincere,0.705,0.475,SL,-0.22999999999999998,False
hltv-2394110-107912,FaZe,paiN,0.625,0.495,SL,-0.13,False
hltv-2394111-107920,FUT Esports,NRG,0.725,0.57,SL,-0.15500000000000003,True
hltv-2394112-107922,Natus Vincere,Passion UA,0.8,0.595,SL,-0.20500000000000007,True
hltv-2394115-107924,Astralis,Liquid,0.575,0.725,TP,0.15000000000000002,True
hltv-2394116-107828,Aurora Gaming,Heroic,0.625,0.465,SL,-0.15999999999999998,True
hltv-2394118-107831,MOUZ,Gentle Mates,0.665,0.8,TP,0.135,False
hltv-2394123-107837,PARIVISION,9z,0.625,0.45,SL,-0.175,False
hltv-2394124-107855,G2,MOUZ,0.575,0.695,TP,0.12,True
hltv-2394125-107854,Gentle Mates,K27,0.565,0.725,TP,0.16000000000000003,False
hltv-2394126-107862,Spirit,TheMongolz,0.7,0.84,TP,0.14,True
hltv-2394127-107860,Aurora Gaming,The Huns Esports,0.77,0.615,SL,-0.15500000000000003,True
hltv-2394128-107867,FURIA,Heroic,0.615,0.475,SL,-0.14,False
hltv-2394130-107875,Team Falcons,9z,0.735,0.89,TP,0.15500000000000003,True
hltv-2394132-107892,Aurora Gaming,PARIVISION,0.535,0.68,TP,0.14500000000000002,True
hltv-2394133-107891,Heroic,Gentle Mates,0.535,0.41,SL,-0.12500000000000006,False
hltv-2394134-107896,Team Falcons,Monte,0.685,0.83,TP,0.1449999999999999,True
hltv-2394136-107903,MOUZ,9z,0.565,0.695,TP,0.13,True
hltv-2394139-107907,The Huns Esports,Fisher College,0.635,0.475,SL,-0.16000000000000003,False
hltv-2394140-107930,Aurora Gaming,MOUZ,0.515,0.375,SL,-0.14,False
hltv-2394141-107929,Heroic,magic,0.54,0.425,SL,-0.11500000000000005,False
hltv-2394142-107935,Team Falcons,TheMongolz,0.605,0.46,SL,-0.14499999999999996,False
hltv-2394143-107936,Monte,The Huns Esports,0.745,0.9,TP,0.15500000000000003,True
hltv-2394144-107942,FURIA,Gentle Mates,0.705,0.855,TP,0.15000000000000002,True
hltv-2394145-107943,G2,PARIVISION,0.595,0.73,TP,0.135,True
hltv-2394147-107971,G2,Monte,0.7,0.845,TP,0.14500000000000002,True
hltv-2394148-107977,Aurora Gaming,TheMongolz,0.505,0.375,SL,-0.13,False
hltv-2394149-108024,Aurora Gaming,MOUZ,0.525,0.655,TP,0.13,True
hltv-2394151-108031,9z,magic,0.67,0.52,SL,-0.15000000000000002,False
hltv-2394154-108061,Team Falcons,magic,0.77,0.965,TP,0.19499999999999995,False
hltv-2394157-107957,Vitality,BetBoom Team,0.815,0.63,SL,-0.18499999999999994,True
hltv-2394159-107950,B8,BC.Game Esports,0.545,0.415,SL,-0.13000000000000006,True
hltv-2394160-107951,FaZe,NRG,0.595,0.73,TP,0.135,False
hltv-2394161-107961,Natus Vincere,GamerLegion,0.655,0.85,TP,0.19499999999999995,False
hltv-2394162-107963,Legacy,Astralis,0.54,0.415,SL,-0.12500000000000006,True
hltv-2394164-107966,Liquid,M80,0.515,0.41,SL,-0.10500000000000004,False
hltv-2394165-107988,FUT Esports,B8,0.625,0.485,SL,-0.14,True
hltv-2394167-107993,Astralis,Sinners,0.595,0.435,SL,-0.15999999999999998,False
hltv-2394170-107998,Vitality,B8,0.86,0.9995,END,0.13950000000000007,True
hltv-2394171-108002,Natus Vincere,Legacy,0.6,0.72,TP,0.12,True
hltv-2394172-108000,GamerLegion,Astralis,0.525,0.64,TP,0.11499999999999999,True
hltv-2394853-108687,TYLOO,Sinners,0.505,0.395,SL,-0.10999999999999999,True
hltv-2394854-108693,B8,M80,0.595,0.715,TP,0.12,False
hltv-2394855-108690,Heroic,Gaimin Gladiators,0.765,0.935,TP,0.17000000000000004,True
hltv-2394856-108703,FlyQuest,THUNDER dOWNUNDER,0.7,0.845,TP,0.14500000000000002,False
hltv-2394857-108705,TYLOO,Sharks,0.555,0.425,SL,-0.13000000000000006,True
hltv-2394858-108709,BIG,GamerLegion,0.505,0.395,SL,-0.10999999999999999,False
hltv-2394860-108715,Heroic,Liquid,0.51,0.375,SL,-0.135,False
hltv-2394861-108714,M80,NRG,0.555,0.695,TP,0.1399999999999999,False
hltv-2394862-108723,TYLOO,Lynn Vision,0.555,0.415,SL,-0.14000000000000007,True
hltv-2394863-108727,Liquid,FlyQuest,0.555,0.44,SL,-0.11500000000000005,True
hltv-2394886-108783,paiN,FlyQuest,0.585,0.71,TP,0.125,False
hltv-2394887-108793,FUT Esports,G2,0.515,0.635,TP,0.12,False
hltv-2394888-108788,Spirit,9z,0.835,0.9995,END,0.1645000000000001,True
hltv-2394889-108803,Astralis,paiN,0.525,0.665,TP,0.14,True
hltv-2394890-108804,B8,MIBR,0.585,0.445,SL,-0.13999999999999996,True
hltv-2394891-108807,BetBoom Team,Monte,0.665,0.52,SL,-0.14500000000000002,True
hltv-2394892-108806,9z,TYLOO,0.615,0.77,TP,0.15500000000000003,True
hltv-2394893-108809,G2,BIG,0.635,0.81,TP,0.17500000000000004,False
hltv-2394894-108812,Legacy,M80,0.7,0.845,TP,0.14500000000000002,True
hltv-2394895-108825,paiN,Monte,0.545,0.74,TP,0.19499999999999995,True
hltv-2394896-108829,Legacy,TYLOO,0.715,0.535,SL,-0.17999999999999994,False
hltv-2394897-108830,B8,BIG,0.575,0.455,SL,-0.11999999999999994,True
hltv-2394898-108857,Vitality,FUT Esports,0.715,0.545,SL,-0.16999999999999993,True
hltv-2394899-108862,Team Falcons,G2,0.555,0.41,SL,-0.14500000000000007,True
hltv-2394900-108864,Spirit,Natus Vincere,0.65,0.805,TP,0.15500000000000003,False
hltv-2394901-108860,FURIA,B8,0.635,0.775,TP,0.14,False
hltv-2394902-108861,Aurora Gaming,Monte,0.555,0.67,TP,0.11499999999999999,True
hltv-2394903-108851,9z,PARIVISION,0.505,0.615,TP,0.10999999999999999,False
hltv-2394905-108855,MOUZ,Legacy,0.515,0.625,TP,0.10999999999999999,False
hltv-2394972-108871,TheMongolz,B8,0.565,0.685,TP,0.1200000000000001,False
hltv-2394974-108877,PARIVISION,Monte,0.515,0.405,SL,-0.10999999999999999,True
hltv-2394975-108882,Team Falcons,BetBoom Team,0.605,0.74,TP,0.135,False
hltv-2394976-108879,Natus Vincere,Legacy,0.645,0.805,TP,0.16000000000000003,True
hltv-2394977-108891,Spirit,Aurora Gaming,0.815,0.63,SL,-0.18499999999999994,True
hltv-2394978-108889,Vitality,9z,0.815,0.985,TP,0.17000000000000004,True
hltv-2394979-108913,Natus Vincere,TheMongolz,0.595,0.46,SL,-0.13499999999999995,False
hltv-2394980-108910,FUT Esports,B8,0.685,0.88,TP,0.19499999999999995,False
hltv-2394981-108922,G2,Aurora Gaming,0.585,0.705,TP,0.12,False
hltv-2394982-108924,Team Falcons,Monte,0.665,0.53,SL,-0.135,False
hltv-2394983-108931,Vitality,MOUZ,0.665,0.805,TP,0.14,True
hltv-2394985-108937,FURIA,BetBoom Team,0.615,0.74,TP,0.125,True
hltv-2394987-108961,MOUZ,FUT Esports,0.505,0.355,SL,-0.15000000000000002,False
hltv-2394988-108960,TheMongolz,Monte,0.595,0.475,SL,-0.12,True
hltv-2394989-108968,Vitality,BetBoom Team,0.76,0.915,TP,0.15500000000000003,True
hltv-2394990-108964,9z,Aurora Gaming,0.55,0.415,SL,-0.13500000000000006,True
hltv-2394991-108975,Natus Vincere,Team Falcons,0.505,0.37,SL,-0.135,True
hltv-2394992-108969,G2,Legacy,0.545,0.66,TP,0.11499999999999999,True
hltv-2394993-108984,TheMongolz,9z,0.605,0.745,TP,0.14,False
hltv-2394994-108988,FUT Esports,BetBoom Team,0.585,0.425,SL,-0.15999999999999998,True
hltv-2394995-108991,Natus Vincere,G2,0.555,0.705,TP,0.1499999999999999,False
hltv-2394998-109032,Spirit,G2,0.655,0.465,SL,-0.19,False
hltv-2396017-109861,MOUZ,3DMAX,0.685,0.545,SL,-0.14,True
hltv-2396018-109851,Spirit,Liquid,0.685,0.84,TP,0.15499999999999992,True
hltv-2396019-109924,MOUZ,Astralis,0.595,0.475,SL,-0.12,True
hltv-2396020-109915,Spirit,FaZe,0.775,0.945,TP,0.16999999999999993,True
hltv-2396021-109950,Spirit,MOUZ,0.705,0.505,SL,-0.19999999999999996,True
hltv-2396576-110245,G2,BIG,0.555,0.725,TP,0.16999999999999993,True
hltv-2396578-110242,Aurora Gaming,M80,0.675,0.825,TP,0.1499999999999999,False
hltv-2396581-110279,K27,MIBR,0.54,0.425,SL,-0.11500000000000005,True
hltv-2396583-110274,Vitality,B8,0.765,0.555,SL,-0.20999999999999996,True
hltv-2396584-110273,MOUZ,FUT Esports,0.555,0.41,SL,-0.14500000000000007,False
hltv-2396587-110300,Natus Vincere,TheMongolz,0.64,0.485,SL,-0.15500000000000003,False
hltv-2396591-110320,Spirit,BIG,0.725,0.555,SL,-0.16999999999999993,True
hltv-2396595-110336,MOUZ,PARIVISION,0.555,0.7,TP,0.1449999999999999,False
hltv-2396596-110327,Vitality,Lynn Vision,0.815,0.98,TP,0.16500000000000004,True
hltv-2396597-110342,9z,magic,0.555,0.41,SL,-0.14500000000000007,False
hltv-2396601-110410,FUT Esports,magic,0.565,0.445,SL,-0.11999999999999994,False
hltv-2396603-110424,Natus Vincere,Legacy,0.605,0.445,SL,-0.15999999999999998,False
hltv-2396605-110428,Vitality,FaZe,0.725,0.875,TP,0.15000000000000002,True
hltv-2396606-110429,Spirit,B8,0.75,0.9,TP,0.15000000000000002,True
hltv-2396608-110449,MOUZ,FUT Esports,0.615,0.745,TP,0.13,True
hltv-2396609-110456,Team Falcons,Legacy,0.635,0.46,SL,-0.175,False
hltv-2396610-110462,Vitality,Spirit,0.525,0.34,SL,-0.185,False
