match_id,key,map_name,arm_trigger,team_bought,side_bought,entry_src,entry_t,entry_p,p_cal,composite,strong_side,pred_side,pistol_won,p_mapwin_bought,t_pistol_market,clock_delta_min,exit_t_v1,exit_p_v1,pnl_v1_raw,exit_p_v1_plateau,arm_v3,exit_mode_v3,exit_t_v3,exit_p_v3,pnl_v3_raw,rebound_r2_won,lag_scan,pnl_v1_cost03,pnl_v1_fee,pnl_v3_cost03,pnl_v3_fee
hltv-2389653-103979,hltv_2389653_103979_furia_vs_natus_vincere_m1_mirage,de_mirage,strict,FURIA,a,prematch,2026-02-02 18:16:13+00:00,0.495,0.6617481987312879,0.8385172741957025,a,a,False,,2026-02-02 18:19:30.610000+00:00,-1,2026-02-02 18:20:15+00:00,0.44,-0.05499999999999999,0.39,v3_quick,pistol_end,2026-02-02 18:20:15+00:00,0.44,-0.05499999999999999,,"{-2: -0.0050000000000000044, -1: -0.0050000000000000044, 0: -0.05499999999999999, 1: -0.10499999999999998, 2: -0.185}",-0.08499999999999999,-0.07981875,-0.08499999999999999,-0.07981875
hltv-2389653-103979,hltv_2389653_103979_furia_vs_natus_vincere_m1_mirage,de_mirage,relaxed,FURIA,a,prematch,2026-02-02 18:16:13+00:00,0.495,0.6617481987312879,0.8385172741957025,a,a,False,,2026-02-02 18:19:30.610000+00:00,-1,2026-02-02 18:20:15+00:00,0.44,-0.05499999999999999,0.39,v3_quick,pistol_end,2026-02-02 18:20:15+00:00,0.44,-0.05499999999999999,,"{-2: -0.0050000000000000044, -1: -0.0050000000000000044, 0: -0.05499999999999999, 1: -0.10499999999999998, 2: -0.185}",-0.08499999999999999,-0.07981875,-0.08499999999999999,-0.07981875
hltv-2389656-103994,hltv_2389656_103994_3dmax_vs_falcons_m1_anubis,de_anubis,strict,Team Falcons,a,prematch,2026-02-03 13:06:15+00:00,0.81,0.7479787925583469,1.0870787375509148,a,a,True,,2026-02-03 13:09:50.120000+00:00,9,2026-02-03 13:10:14+00:00,0.885,0.07499999999999996,0.91,v3_win_pop,pistol_end,2026-02-03 13:10:14+00:00,0.885,0.07499999999999996,,"{-2: -0.015000000000000013, -1: 0.07499999999999996, 0: 0.07499999999999996, 1: 0.09999999999999998, 2: 0.10499999999999998}",0.04499999999999996,0.06221624999999996,0.04499999999999996,0.06221624999999996
hltv-2389656-103994,hltv_2389656_103994_3dmax_vs_falcons_m1_anubis,de_anubis,relaxed,Team Falcons,a,prematch,2026-02-03 13:06:15+00:00,0.81,0.7479787925583469,1.0870787375509148,a,a,True,,2026-02-03 13:09:50.120000+00:00,9,2026-02-03 13:10:14+00:00,0.885,0.07499999999999996,0.91,v3_win_pop,pistol_end,2026-02-03 13:10:14+00:00,0.885,0.07499999999999996,,"{-2: -0.015000000000000013, -1: 0.07499999999999996, 0: 0.07499999999999996, 1: 0.09999999999999998, 2: 0.10499999999999998}",0.04499999999999996,0.06221624999999996,0.04499999999999996,0.06221624999999996
hltv-2389948-104317,hltv_2389948_104317_aurora_vs_fut_m1_mirage,de_mirage,strict,FUT Esports,b,prematch,2026-02-14 08:31:20+00:00,0.49,0.3811698707617866,-1.3243139045282504,b,b,True,,2026-02-14 08:34:52.530000+00:00,4,2026-02-14 08:35:21+00:00,0.57,0.07999999999999996,0.42,v3_win_pop,pistol_end,2026-02-14 08:35:21+00:00,0.57,0.07999999999999996,,"{-2: 0.015000000000000013, -1: 0.03500000000000003, 0: 0.07999999999999996, 1: -0.07, 2: -0.09499999999999997}",0.04999999999999996,0.05524999999999996,0.04999999999999996,0.05524999999999996
hltv-2389948-104317,hltv_2389948_104317_aurora_vs_fut_m1_mirage,de_mirage,relaxed,FUT Esports,b,prematch,2026-02-14 08:31:20+00:00,0.49,0.3811698707617866,-1.3243139045282504,b,b,True,,2026-02-14 08:34:52.530000+00:00,4,2026-02-14 08:35:21+00:00,0.57,0.07999999999999996,0.42,v3_win_pop,pistol_end,2026-02-14 08:35:21+00:00,0.57,0.07999999999999996,,"{-2: 0.015000000000000013, -1: 0.03500000000000003, 0: 0.07999999999999996, 1: -0.07, 2: -0.09499999999999997}",0.04999999999999996,0.05524999999999996,0.04999999999999996,0.05524999999999996
hltv-2389947-104312,hltv_2389947_104312_natus_vincere_vs_astralis_m1_nuke,de_nuke,strict,Astralis,a,prematch,2026-02-14 08:28:13+00:00,0.4,0.6933128921911202,0.6484243805657226,a,a,True,,2026-02-14 08:31:58.250000+00:00,1,2026-02-14 08:32:13+00:00,0.42,0.019999999999999962,0.42,v3_win_pop,pistol_end,2026-02-14 08:32:13+00:00,0.42,0.019999999999999962,,"{-2: 0.024999999999999967, -1: 0.04999999999999999, 0: 0.019999999999999962, 1: 0.014999999999999958, 2: 0.10999999999999999}",-0.010000000000000037,-0.004180000000000041,-0.010000000000000037,-0.004180000000000041
hltv-2389947-104312,hltv_2389947_104312_natus_vincere_vs_astralis_m1_nuke,de_nuke,relaxed,Astralis,a,prematch,2026-02-14 08:28:13+00:00,0.4,0.6933128921911202,0.6484243805657226,a,a,True,,2026-02-14 08:31:58.250000+00:00,1,2026-02-14 08:32:13+00:00,0.42,0.019999999999999962,0.42,v3_win_pop,pistol_end,2026-02-14 08:32:13+00:00,0.42,0.019999999999999962,,"{-2: 0.024999999999999967, -1: 0.04999999999999999, 0: 0.019999999999999962, 1: 0.014999999999999958, 2: 0.10999999999999999}",-0.010000000000000037,-0.004180000000000041,-0.010000000000000037,-0.004180000000000041
hltv-2389952-104340,hltv_2389952_104340_falcons_vs_3dmax_m1_nuke,de_nuke,strict,Team Falcons,a,prematch,2026-02-14 14:44:13+00:00,0.615,0.6472657726593536,1.5927768792101074,a,a,False,,2026-02-14 14:47:46.520000+00:00,7,2026-02-14 14:48:17+00:00,0.555,-0.05999999999999994,0.6,v3_quick,pistol_end,2026-02-14 14:48:17+00:00,0.555,-0.05999999999999994,,"{-2: -0.05499999999999994, -1: -0.08499999999999996, 0: -0.05999999999999994, 1: -0.0050000000000000044, 2: -0.015000000000000013}",-0.08999999999999994,-0.08418749999999994,-0.08999999999999994,-0.08418749999999994
hltv-2389952-104340,hltv_2389952_104340_falcons_vs_3dmax_m1_nuke,de_nuke,relaxed,Team Falcons,a,prematch,2026-02-14 14:44:13+00:00,0.615,0.6472657726593536,1.5927768792101074,a,a,False,,2026-02-14 14:47:46.520000+00:00,7,2026-02-14 14:48:17+00:00,0.555,-0.05999999999999994,0.6,v3_quick,pistol_end,2026-02-14 14:48:17+00:00,0.555,-0.05999999999999994,,"{-2: -0.05499999999999994, -1: -0.08499999999999996, 0: -0.05999999999999994, 1: -0.0050000000000000044, 2: -0.015000000000000013}",-0.08999999999999994,-0.08418749999999994,-0.08999999999999994,-0.08418749999999994
hltv-2389956-104371,hltv_2389956_104371_3dmax_vs_astralis_m1_overpass,de_overpass,strict,Astralis,a,prematch,2026-02-15 08:18:18+00:00,0.595,0.7763981391410267,1.3170733762014548,a,a,True,,2026-02-15 08:21:46.590000+00:00,5,2026-02-15 08:22:17+00:00,0.665,0.07000000000000006,0.685,v3_win_pop,pistol_end,2026-02-15 08:22:17+00:00,0.665,0.07000000000000006,,"{-2: 0.0, -1: 0.010000000000000009, 0: 0.07000000000000006, 1: 0.09000000000000008, 2: 0.125}",0.04000000000000006,0.04681250000000006,0.04000000000000006,0.04681250000000006
hltv-2389956-104371,hltv_2389956_104371_3dmax_vs_astralis_m1_overpass,de_overpass,relaxed,Astralis,a,prematch,2026-02-15 08:18:18+00:00,0.595,0.7763981391410267,1.3170733762014548,a,a,True,,2026-02-15 08:21:46.590000+00:00,5,2026-02-15 08:22:17+00:00,0.665,0.07000000000000006,0.685,v3_win_pop,pistol_end,2026-02-15 08:22:17+00:00,0.665,0.07000000000000006,,"{-2: 0.0, -1: 0.010000000000000009, 0: 0.07000000000000006, 1: 0.09000000000000008, 2: 0.125}",0.04000000000000006,0.04681250000000006,0.04000000000000006,0.04681250000000006
hltv-2389960-104385,hltv_2389960_104385_aurora_vs_pain_m1_nuke,de_nuke,strict,Aurora Gaming,a,prematch,2026-02-15 13:30:31+00:00,0.605,0.644880476997657,0.37233161415970834,a,a,True,,2026-02-15 13:33:35.420000+00:00,3,2026-02-15 13:34:15+00:00,0.695,0.08999999999999997,0.695,v3_win_pop,pistol_end,2026-02-15 13:34:15+00:00,0.695,0.08999999999999997,,"{-2: 0.0, -1: 0.15500000000000003, 0: 0.08999999999999997, 1: 0.14, 2: 0.040000000000000036}",0.05999999999999997,0.06745249999999997,0.05999999999999997,0.06745249999999997
hltv-2389960-104385,hltv_2389960_104385_aurora_vs_pain_m1_nuke,de_nuke,relaxed,Aurora Gaming,a,prematch,2026-02-15 13:30:31+00:00,0.605,0.644880476997657,0.37233161415970834,a,a,True,,2026-02-15 13:33:35.420000+00:00,3,2026-02-15 13:34:15+00:00,0.695,0.08999999999999997,0.695,v3_win_pop,pistol_end,2026-02-15 13:34:15+00:00,0.695,0.08999999999999997,,"{-2: 0.0, -1: 0.15500000000000003, 0: 0.08999999999999997, 1: 0.14, 2: 0.040000000000000036}",0.05999999999999997,0.06745249999999997,0.05999999999999997,0.06745249999999997
hltv-2389959-104390,hltv_2389959_104390_furia_vs_fut_m1_mirage,de_mirage,strict,FUT Esports,b,prematch,2026-02-15 13:52:18+00:00,0.415,0.2883928199581971,-0.8858861642419857,b,b,True,,2026-02-15 13:55:56.220000+00:00,0,2026-02-15 13:56:18+00:00,0.44,0.025000000000000022,0.475,v3_win_pop,pistol_end,2026-02-15 13:56:18+00:00,0.44,0.025000000000000022,,"{-2: 0.015000000000000013, -1: 0.015000000000000013, 0: 0.025000000000000022, 1: 0.06, 2: 0.175}",-0.004999999999999977,0.0005412500000000209,-0.004999999999999977,0.0005412500000000209
hltv-2389959-104390,hltv_2389959_104390_furia_vs_fut_m1_mirage,de_mirage,relaxed,FUT Esports,b,prematch,2026-02-15 13:52:18+00:00,0.415,0.2883928199581971,-0.8858861642419857,b,b,True,,2026-02-15 13:55:56.220000+00:00,0,2026-02-15 13:56:18+00:00,0.44,0.025000000000000022,0.475,v3_win_pop,pistol_end,2026-02-15 13:56:18+00:00,0.44,0.025000000000000022,,"{-2: 0.015000000000000013, -1: 0.015000000000000013, 0: 0.025000000000000022, 1: 0.06, 2: 0.175}",-0.004999999999999977,0.0005412500000000209,-0.004999999999999977,0.0005412500000000209
hltv-2389963-104429,hltv_2389963_104429_natus_vincere_vs_aurora_m1_anubis,de_anubis,strict,Natus Vincere,b,prematch,2026-02-16 08:12:14+00:00,0.325,0.4065701463766509,-0.08073461120137775,b,b,False,,2026-02-16 08:15:15.420000+00:00,14,2026-02-16 08:16:14+00:00,0.23,-0.095,0.215,v3_quick,pistol_end,2026-02-16 08:16:14+00:00,0.23,-0.095,,"{-2: -0.065, -1: -0.065, 0: -0.095, 1: -0.11000000000000001, 2: -0.13}",-0.125,-0.11482375,-0.125,-0.11482375
hltv-2389963-104429,hltv_2389963_104429_natus_vincere_vs_aurora_m1_anubis,de_anubis,relaxed,Natus Vincere,b,prematch,2026-02-16 08:12:14+00:00,0.325,0.4065701463766509,-0.08073461120137775,b,b,False,,2026-02-16 08:15:15.420000+00:00,14,2026-02-16 08:16:14+00:00,0.23,-0.095,0.215,v3_quick,pistol_end,2026-02-16 08:16:14+00:00,0.23,-0.095,,"{-2: -0.065, -1: -0.065, 0: -0.095, 1: -0.11000000000000001, 2: -0.13}",-0.125,-0.11482375,-0.125,-0.11482375
hltv-2389970-104443,hltv_2389970_104443_g2_vs_pain_m1_inferno,de_inferno,strict,paiN,b,prematch,2026-02-16 16:17:15+00:00,0.315,0.33115577339615876,-0.4089137383641561,b,b,False,,2026-02-16 16:21:19+00:00,2,2026-02-16 16:22:16+00:00,0.305,-0.010000000000000009,0.3275,v3_quick,pistol_end,2026-02-16 16:22:16+00:00,0.305,-0.010000000000000009,,"{-2: 0.0, -1: 0.33, 0: -0.010000000000000009, 1: 0.034999999999999976, 2: 0.06}",-0.04000000000000001,-0.03138750000000001,-0.04000000000000001,-0.03138750000000001
hltv-2389970-104443,hltv_2389970_104443_g2_vs_pain_m1_inferno,de_inferno,relaxed,paiN,b,prematch,2026-02-16 16:17:15+00:00,0.315,0.33115577339615876,-0.4089137383641561,b,b,False,,2026-02-16 16:21:19+00:00,2,2026-02-16 16:22:16+00:00,0.305,-0.010000000000000009,0.3275,v3_quick,pistol_end,2026-02-16 16:22:16+00:00,0.305,-0.010000000000000009,,"{-2: 0.0, -1: 0.33, 0: -0.010000000000000009, 1: 0.034999999999999976, 2: 0.06}",-0.04000000000000001,-0.03138750000000001,-0.04000000000000001,-0.03138750000000001
hltv-2389975-104482,hltv_2389975_104482_furia_vs_parivision_m1_dust2,de_dust2,relaxed,FURIA,a,prematch,2026-02-17 15:44:19+00:00,0.35,0.7419210542054556,-0.2242894182858156,b,a,True,,2026-02-17 15:48:06.840000+00:00,19,2026-02-17 15:48:19+00:00,0.555,0.20500000000000007,0.555,v3_win_pop,pistol_end,2026-02-17 15:48:19+00:00,0.555,0.20500000000000007,,"{-2: 0.12, -1: 0.18500000000000005, 0: 0.20500000000000007, 1: 0.21499999999999997, 2: 0.20500000000000007}",0.17500000000000007,0.18127625000000008,0.17500000000000007,0.18127625000000008
hltv-2389979-104530,hltv_2389979_104530_natus_vincere_vs_g2_m1_dust2,de_dust2,strict,Natus Vincere,b,prematch,2026-02-18 16:06:17+00:00,0.465,0.38681632712209657,-0.06539835145785278,b,b,False,,2026-02-18 16:09:22.860000+00:00,8,2026-02-18 16:09:29+00:00,0.39,-0.07500000000000001,0.555,v3_quick,pistol_end,2026-02-18 16:09:29+00:00,0.39,-0.07500000000000001,,"{-2: -0.0050000000000000044, -1: -0.07500000000000001, 0: -0.07500000000000001, 1: 0.09000000000000002, 2: -0.040000000000000036}",-0.10500000000000001,-0.09933375000000001,-0.10500000000000001,-0.09933375000000001
hltv-2389979-104530,hltv_2389979_104530_natus_vincere_vs_g2_m1_dust2,de_dust2,relaxed,Natus Vincere,b,prematch,2026-02-18 16:06:17+00:00,0.465,0.38681632712209657,-0.06539835145785278,b,b,False,,2026-02-18 16:09:22.860000+00:00,8,2026-02-18 16:09:29+00:00,0.39,-0.07500000000000001,0.555,v3_quick,pistol_end,2026-02-18 16:09:29+00:00,0.39,-0.07500000000000001,,"{-2: -0.0050000000000000044, -1: -0.07500000000000001, 0: -0.07500000000000001, 1: 0.09000000000000002, 2: -0.040000000000000036}",-0.10500000000000001,-0.09933375000000001,-0.10500000000000001,-0.09933375000000001
hltv-2389980-104594,hltv_2389980_104594_falcons_vs_parivision_m1_dust2,de_dust2,strict,Team Falcons,a,prematch,2026-02-20 08:05:45+00:00,0.615,0.5798841808439297,0.4875706365727964,a,a,True,,2026-02-20 08:09:04.750000+00:00,8,2026-02-20 08:09:22+00:00,0.645,0.030000000000000027,0.695,v3_win_pop,pistol_end,2026-02-20 08:09:22+00:00,0.645,0.030000000000000027,,"{-2: 0.0050000000000000044, -1: 0.0050000000000000044, 0: 0.030000000000000027, 1: 0.07999999999999996, 2: 0.07999999999999996}",2.7755575615628914e-17,0.006712500000000024,2.7755575615628914e-17,0.006712500000000024
hltv-2389980-104594,hltv_2389980_104594_falcons_vs_parivision_m1_dust2,de_dust2,relaxed,Team Falcons,a,prematch,2026-02-20 08:05:45+00:00,0.615,0.5798841808439297,0.4875706365727964,a,a,True,,2026-02-20 08:09:04.750000+00:00,8,2026-02-20 08:09:22+00:00,0.645,0.030000000000000027,0.695,v3_win_pop,pistol_end,2026-02-20 08:09:22+00:00,0.645,0.030000000000000027,,"{-2: 0.0050000000000000044, -1: 0.0050000000000000044, 0: 0.030000000000000027, 1: 0.07999999999999996, 2: 0.07999999999999996}",2.7755575615628914e-17,0.006712500000000024,2.7755575615628914e-17,0.006712500000000024
hltv-2391140-105700,hltv_2391140_105700_fut_vs_astralis_m1_dust2,de_dust2,relaxed,Astralis,a,prematch,2026-03-15 12:28:26+00:00,0.425,0.6396666743633106,-0.4347433737856836,b,a,False,0.33336712662988627,2026-03-15 12:31:54.160000+00:00,1,2026-03-15 12:32:22+00:00,0.32,-0.10499999999999998,0.32,v3_quick,pistol_end,2026-03-15 12:32:22+00:00,0.32,-0.10499999999999998,,"{-2: -0.0050000000000000044, -1: -0.019999999999999962, 0: -0.10499999999999998, 1: -0.10999999999999999, 2: -0.08499999999999996}",-0.13499999999999998,-0.12809874999999998,-0.13499999999999998,-0.12809874999999998
hltv-2391758-105904,hltv_2391758_105904_aurora_vs_furia_m1_dust2,de_dust2,relaxed,FURIA,a,prematch,2026-03-20 21:02:30+00:00,0.53,0.5896007382486661,-0.03923551448341974,b,a,False,0.6470884533058561,2026-03-20 21:05:47.730000+00:00,4,2026-03-20 21:06:29+00:00,0.425,-0.10500000000000004,0.39,v3_hold,r3_end,2026-03-20 21:10:30+00:00,0.385,-0.14500000000000002,False,"{-2: -0.0050000000000000044, -1: 0.0050000000000000044, 0: -0.10500000000000004, 1: -0.14, 2: -0.15500000000000003}",-0.13500000000000004,-0.12967375000000003,-0.17500000000000002,-0.16929375000000002
hltv-2391774-106313,hltv_2391774_106313_natus_vincere_vs_parivision_m1_dust2,de_dust2,strict,Natus Vincere,a,prematch,2026-03-28 16:50:35+00:00,0.5,0.6401221710530358,0.03564862783733582,a,a,False,0.49417668441557866,2026-03-28 16:54:18.420000+00:00,3,2026-03-28 16:54:37+00:00,0.425,-0.07500000000000001,0.425,v3_quick,pistol_end,2026-03-28 16:54:37+00:00,0.425,-0.07500000000000001,,"{-2: 0.0050000000000000044, -1: -0.05499999999999999, 0: -0.07500000000000001, 1: -0.07500000000000001, 2: -0.10499999999999998}",-0.10500000000000001,-0.09971875000000001,-0.10500000000000001,-0.09971875000000001
hltv-2391774-106313,hltv_2391774_106313_natus_vincere_vs_parivision_m1_dust2,de_dust2,relaxed,Natus Vincere,a,prematch,2026-03-28 16:50:35+00:00,0.5,0.6401221710530358,0.03564862783733582,a,a,False,0.49417668441557866,2026-03-28 16:54:18.420000+00:00,3,2026-03-28 16:54:37+00:00,0.425,-0.07500000000000001,0.425,v3_quick,pistol_end,2026-03-28 16:54:37+00:00,0.425,-0.07500000000000001,,"{-2: 0.0050000000000000044, -1: -0.05499999999999999, 0: -0.07500000000000001, 1: -0.07500000000000001, 2: -0.10499999999999998}",-0.10500000000000001,-0.09971875000000001,-0.10500000000000001,-0.09971875000000001
hltv-2393084-107112,hltv_2393084_107112_3dmax_vs_falcons_m1_inferno,de_inferno,relaxed,Team Falcons,a,prematch,2026-04-13 16:11:59+00:00,0.725,0.7116721719452868,-0.8730393265207601,b,a,True,0.46438953429975866,2026-04-13 16:15:36.590000+00:00,0,2026-04-13 16:15:46+00:00,0.795,0.07000000000000006,0.77,v3_win_pop,pistol_end,2026-04-13 16:15:46+00:00,0.795,0.07000000000000006,,"{-2: 0.0050000000000000044, -1: 0.0, 0: 0.07000000000000006, 1: 0.04500000000000004, 2: -0.015000000000000013}",0.04000000000000006,0.05188250000000006,0.04000000000000006,0.05188250000000006
hltv-2393086-107114,hltv_2393086_107114_b8_vs_natus_vincere_m1_ancient,de_ancient,strict,Natus Vincere,a,prematch,2026-04-13 18:03:38+00:00,0.7,0.5592071669987554,0.31353487613944303,a,a,True,0.4911985624949138,2026-04-13 18:07:31.950000+00:00,7,2026-04-13 18:07:38+00:00,0.68,-0.019999999999999907,0.72,v3_win_pop,pistol_end,2026-04-13 18:07:38+00:00,0.68,-0.019999999999999907,,"{-2: -0.019999999999999907, -1: -0.014999999999999902, 0: -0.019999999999999907, 1: 0.020000000000000018, 2: 0.07500000000000007}",-0.049999999999999906,-0.0413799999999999,-0.049999999999999906,-0.0413799999999999
hltv-2393086-107114,hltv_2393086_107114_b8_vs_natus_vincere_m1_ancient,de_ancient,relaxed,Natus Vincere,a,prematch,2026-04-13 18:03:38+00:00,0.7,0.5592071669987554,0.31353487613944303,a,a,True,0.4911985624949138,2026-04-13 18:07:31.950000+00:00,7,2026-04-13 18:07:38+00:00,0.68,-0.019999999999999907,0.72,v3_win_pop,pistol_end,2026-04-13 18:07:38+00:00,0.68,-0.019999999999999907,,"{-2: -0.019999999999999907, -1: -0.014999999999999902, 0: -0.019999999999999907, 1: 0.020000000000000018, 2: 0.07500000000000007}",-0.049999999999999906,-0.0413799999999999,-0.049999999999999906,-0.0413799999999999
hltv-2393229-107137,hltv_2393229_107137_b8_vs_passion_ua_m1_overpass,de_overpass,strict,B8,b,prematch,2026-04-14 18:20:55+00:00,0.635,0.3227397298189172,-0.7096058722417355,b,b,True,0.7585239077977588,2026-04-14 18:24:17.270000+00:00,0,2026-04-14 18:24:44+00:00,0.675,0.040000000000000036,0.585,v3_win_pop,pistol_end,2026-04-14 18:24:44+00:00,0.675,0.040000000000000036,,"{-2: 0.010000000000000009, -1: 0.0050000000000000044, 0: 0.040000000000000036, 1: -0.050000000000000044, 2: -0.10499999999999998}",0.010000000000000037,0.017442500000000034,0.010000000000000037,0.017442500000000034
hltv-2393229-107137,hltv_2393229_107137_b8_vs_passion_ua_m1_overpass,de_overpass,relaxed,B8,b,prematch,2026-04-14 18:20:55+00:00,0.635,0.3227397298189172,-0.7096058722417355,b,b,True,0.7585239077977588,2026-04-14 18:24:17.270000+00:00,0,2026-04-14 18:24:44+00:00,0.675,0.040000000000000036,0.585,v3_win_pop,pistol_end,2026-04-14 18:24:44+00:00,0.675,0.040000000000000036,,"{-2: 0.010000000000000009, -1: 0.0050000000000000044, 0: 0.040000000000000036, 1: -0.050000000000000044, 2: -0.10499999999999998}",0.010000000000000037,0.017442500000000034,0.010000000000000037,0.017442500000000034
hltv-2393230-107140,hltv_2393230_107140_mouz_vs_aurora_m1_dust2,de_dust2,relaxed,MOUZ,b,prematch,2026-04-14 21:31:54+00:00,0.53,0.43332034129271435,0.3197932386592395,a,b,True,0.5076379657599197,2026-04-14 21:35:06.470000+00:00,-1,2026-04-14 21:35:52+00:00,0.57,0.039999999999999925,0.57,v3_win_pop,pistol_end,2026-04-14 21:35:52+00:00,0.57,0.039999999999999925,,"{-2: -0.0050000000000000044, -1: 0.0, 0: 0.039999999999999925, 1: 0.07499999999999996, 2: -0.09500000000000003}",0.009999999999999926,0.015289999999999922,0.009999999999999926,0.015289999999999922
hltv-2393233-107147,hltv_2393233_107147_g2_vs_3dmax_m1_inferno,de_inferno,relaxed,G2,b,prematch,2026-04-15 13:00:11+00:00,0.625,0.31959880644790917,0.8467997925829479,a,b,True,0.21083880766122398,2026-04-15 13:03:35.380000+00:00,2,2026-04-15 13:03:47+00:00,0.695,0.06999999999999995,0.715,v3_win_pop,pistol_end,2026-04-15 13:03:47+00:00,0.695,0.06999999999999995,,"{-2: 0.0050000000000000044, -1: 0.06499999999999995, 0: 0.06999999999999995, 1: 0.08999999999999997, 2: 0.09999999999999998}",0.03999999999999995,0.04768249999999995,0.03999999999999995,0.04768249999999995
hltv-2393232-107149,hltv_2393232_107149_red_canids_vs_spirit_m1_mirage,de_mirage,strict,Spirit,a,prematch,2026-04-15 12:59:00+00:00,0.82,0.8017735429012052,1.2476817849319537,a,a,True,0.6941142709813465,2026-04-15 13:02:02.660000+00:00,1,2026-04-15 13:02:49+00:00,0.85,0.030000000000000027,0.87,v3_win_pop,pistol_end,2026-04-15 13:02:49+00:00,0.85,0.030000000000000027,,"{-2: -0.0050000000000000044, -1: -0.019999999999999907, 0: 0.030000000000000027, 1: 0.07500000000000007, 2: 0.050000000000000044}",2.7755575615628914e-17,0.016245000000000023,2.7755575615628914e-17,0.016245000000000023
hltv-2393232-107149,hltv_2393232_107149_red_canids_vs_spirit_m1_mirage,de_mirage,relaxed,Spirit,a,prematch,2026-04-15 12:59:00+00:00,0.82,0.8017735429012052,1.2476817849319537,a,a,True,0.6941142709813465,2026-04-15 13:02:02.660000+00:00,1,2026-04-15 13:02:49+00:00,0.85,0.030000000000000027,0.87,v3_win_pop,pistol_end,2026-04-15 13:02:49+00:00,0.85,0.030000000000000027,,"{-2: -0.0050000000000000044, -1: -0.019999999999999907, 0: 0.030000000000000027, 1: 0.07500000000000007, 2: 0.050000000000000044}",2.7755575615628914e-17,0.016245000000000023,2.7755575615628914e-17,0.016245000000000023
hltv-2393235-107152,hltv_2393235_107152_natus_vincere_vs_hotu_m1_dust2,de_dust2,strict,Natus Vincere,a,prematch,2026-04-15 15:26:36+00:00,0.705,0.5850013653721491,0.40246840816631657,a,a,True,0.6663589368618813,2026-04-15 15:30:21.030000+00:00,-1,2026-04-15 15:30:36+00:00,0.74,0.03500000000000003,0.74,v3_win_pop,pistol_end,2026-04-15 15:30:36+00:00,0.74,0.03500000000000003,,"{-2: 0.0, -1: 0.0, 0: 0.03500000000000003, 1: 0.010000000000000009, 2: 0.11499999999999999}",0.005000000000000032,0.01498125000000003,0.005000000000000032,0.01498125000000003
hltv-2393235-107152,hltv_2393235_107152_natus_vincere_vs_hotu_m1_dust2,de_dust2,relaxed,Natus Vincere,a,prematch,2026-04-15 15:26:36+00:00,0.705,0.5850013653721491,0.40246840816631657,a,a,True,0.6663589368618813,2026-04-15 15:30:21.030000+00:00,-1,2026-04-15 15:30:36+00:00,0.74,0.03500000000000003,0.74,v3_win_pop,pistol_end,2026-04-15 15:30:36+00:00,0.74,0.03500000000000003,,"{-2: 0.0, -1: 0.0, 0: 0.03500000000000003, 1: 0.010000000000000009, 2: 0.11499999999999999}",0.005000000000000032,0.01498125000000003,0.005000000000000032,0.01498125000000003
hltv-2393234-107153,hltv_2393234_107153_b8_vs_aurora_m1_mirage,de_mirage,relaxed,Aurora Gaming,a,prematch,2026-04-15 16:03:45+00:00,0.74,0.5982977466439301,-0.33308828027250337,b,a,True,0.4946463983984826,2026-04-15 16:06:51.420000+00:00,7,2026-04-15 16:07:45+00:00,0.615,-0.125,0.56,v3_win_pop,pistol_end,2026-04-15 16:07:45+00:00,0.615,-0.125,,"{-2: -0.0050000000000000044, -1: 0.025000000000000022, 0: -0.125, 1: -0.17999999999999994, 2: -0.19999999999999996}",-0.155,-0.14645875,-0.155,-0.14645875
hltv-2393236-107158,hltv_2393236_107158_vitality_vs_falcons_m1_mirage,de_mirage,strict,Vitality,a,prematch,2026-04-15 17:58:43+00:00,0.565,0.6487593533559228,1.0603562179611543,a,a,False,0.35905965038730797,2026-04-15 18:01:48.110000+00:00,0,2026-04-15 18:01:50+00:00,0.505,-0.05999999999999994,0.47,v3_quick,pistol_end,2026-04-15 18:01:50+00:00,0.505,-0.05999999999999994,,"{-2: -0.03499999999999992, -1: -0.03499999999999992, 0: -0.05999999999999994, 1: -0.11999999999999994, 2: -0.18999999999999995}",-0.08999999999999994,-0.08478749999999995,-0.08999999999999994,-0.08478749999999995
hltv-2393236-107158,hltv_2393236_107158_vitality_vs_falcons_m1_mirage,de_mirage,relaxed,Vitality,a,prematch,2026-04-15 17:58:43+00:00,0.565,0.6487593533559228,1.0603562179611543,a,a,False,0.35905965038730797,2026-04-15 18:01:48.110000+00:00,0,2026-04-15 18:01:50+00:00,0.505,-0.05999999999999994,0.47,v3_quick,pistol_end,2026-04-15 18:01:50+00:00,0.505,-0.05999999999999994,,"{-2: -0.03499999999999992, -1: -0.03499999999999992, 0: -0.05999999999999994, 1: -0.11999999999999994, 2: -0.18999999999999995}",-0.08999999999999994,-0.08478749999999995,-0.08999999999999994,-0.08478749999999995
hltv-2393333-107598,hltv_2393333_107598_fut_vs_astralis_m1_mirage,de_mirage,relaxed,Astralis,a,prematch,2026-04-30 15:01:05+00:00,0.49,0.6056745390507616,-0.2285702112337402,b,a,True,0.6361806008336459,2026-04-30 15:04:14.440000+00:00,3,2026-04-30 15:05:08+00:00,0.62,0.13,0.6375,v3_win_pop,pistol_end,2026-04-30 15:05:08+00:00,0.62,0.13,,"{-2: 0.14500000000000002, -1: 0.14500000000000002, 0: 0.13, 1: 0.16500000000000004, 2: 0.21499999999999997}",0.1,0.105725,0.1,0.105725
hltv-2393336-107614,hltv_2393336_107614_natus_vincere_vs_gamerlegion_m1_mirage,de_mirage,strict,GamerLegion,a,prematch,2026-04-30 23:23:18+00:00,0.155,0.6369754363520901,0.39786716508103326,a,a,False,0.3513767330235678,2026-04-30 23:26:30.080000+00:00,15,2026-04-30 23:27:04+00:00,0.335,0.18000000000000002,0.41,v3_quick,pistol_end,2026-04-30 23:27:04+00:00,0.335,0.18000000000000002,,"{-2: 0.12500000000000003, -1: 0.13999999999999999, 0: 0.18000000000000002, 1: 0.255, 2: 0.28500000000000003}",0.15000000000000002,0.16231250000000003,0.15000000000000002,0.16231250000000003
hltv-2393336-107614,hltv_2393336_107614_natus_vincere_vs_gamerlegion_m1_mirage,de_mirage,relaxed,GamerLegion,a,prematch,2026-04-30 23:23:18+00:00,0.155,0.6369754363520901,0.39786716508103326,a,a,False,0.3513767330235678,2026-04-30 23:26:30.080000+00:00,15,2026-04-30 23:27:04+00:00,0.335,0.18000000000000002,0.41,v3_quick,pistol_end,2026-04-30 23:27:04+00:00,0.335,0.18000000000000002,,"{-2: 0.12500000000000003, -1: 0.13999999999999999, 0: 0.18000000000000002, 1: 0.255, 2: 0.28500000000000003}",0.15000000000000002,0.16231250000000003,0.15000000000000002,0.16231250000000003
hltv-2393346-107656,hltv_2393346_107656_g2_vs_faze_m1_dust2,de_dust2,strict,G2,a,prematch,2026-05-01 19:34:20+00:00,0.585,0.6661987554208901,0.9918090784230527,a,a,False,0.33341303680857404,2026-05-01 20:05:00.420000+00:00,34,2026-05-01 20:07:18+00:00,0.215,-0.37,0.21,v3_quick,pistol_end,2026-05-01 20:07:18+00:00,0.215,-0.37,,"{-2: -0.37, -1: -0.37, 0: -0.37, 1: -0.37, 2: -0.37}",-0.4,-0.3905775,-0.4,-0.3905775
hltv-2393346-107656,hltv_2393346_107656_g2_vs_faze_m1_dust2,de_dust2,relaxed,G2,a,prematch,2026-05-01 19:34:20+00:00,0.585,0.6661987554208901,0.9918090784230527,a,a,False,0.33341303680857404,2026-05-01 20:05:00.420000+00:00,34,2026-05-01 20:07:18+00:00,0.215,-0.37,0.21,v3_quick,pistol_end,2026-05-01 20:07:18+00:00,0.215,-0.37,,"{-2: -0.37, -1: -0.37, 0: -0.37, 1: -0.37, 2: -0.37}",-0.4,-0.3905775,-0.4,-0.3905775
hltv-2393348-107692,hltv_2393348_107692_natus_vincere_vs_faze_m1_dust2,de_dust2,strict,Natus Vincere,a,prematch,2026-05-02 17:25:06+00:00,0.645,0.6307163009939002,0.06047564366033764,a,a,False,0.6203081882102295,2026-05-02 17:29:02.950000+00:00,-2,2026-05-02 17:29:06+00:00,0.615,-0.030000000000000027,0.615,v3_hold,r3_end,2026-05-02 17:34:06+00:00,0.565,-0.08000000000000007,False,"{-2: 0.0, -1: -0.010000000000000009, 0: -0.030000000000000027, 1: -0.030000000000000027, 2: -0.030000000000000027}",-0.060000000000000026,-0.05328750000000003,-0.11000000000000007,-0.10373750000000007
hltv-2393348-107692,hltv_2393348_107692_natus_vincere_vs_faze_m1_dust2,de_dust2,relaxed,Natus Vincere,a,prematch,2026-05-02 17:25:06+00:00,0.645,0.6307163009939002,0.06047564366033764,a,a,False,0.6203081882102295,2026-05-02 17:29:02.950000+00:00,-2,2026-05-02 17:29:06+00:00,0.615,-0.030000000000000027,0.615,v3_hold,r3_end,2026-05-02 17:34:06+00:00,0.565,-0.08000000000000007,False,"{-2: 0.0, -1: -0.010000000000000009, 0: -0.030000000000000027, 1: -0.030000000000000027, 2: -0.030000000000000027}",-0.060000000000000026,-0.05328750000000003,-0.11000000000000007,-0.10373750000000007
hltv-2393349-107699,hltv_2393349_107699_vitality_vs_gamerlegion_m1_mirage,de_mirage,strict,Vitality,a,prematch,2026-05-02 20:07:03+00:00,0.815,0.7445844541928908,1.772723336469244,a,a,True,0.4748770104027423,2026-05-02 20:10:28.910000+00:00,5,2026-05-02 20:11:04+00:00,0.87,0.05500000000000005,0.875,v3_win_pop,pistol_end,2026-05-02 20:11:04+00:00,0.87,0.05500000000000005,,"{-2: 0.010000000000000009, -1: 0.0050000000000000044, 0: 0.05500000000000005, 1: 0.06000000000000005, 2: 0.08000000000000007}",0.02500000000000005,0.041806250000000045,0.02500000000000005,0.041806250000000045
hltv-2393349-107699,hltv_2393349_107699_vitality_vs_gamerlegion_m1_mirage,de_mirage,relaxed,Vitality,a,prematch,2026-05-02 20:07:03+00:00,0.815,0.7445844541928908,1.772723336469244,a,a,True,0.4748770104027423,2026-05-02 20:10:28.910000+00:00,5,2026-05-02 20:11:04+00:00,0.87,0.05500000000000005,0.875,v3_win_pop,pistol_end,2026-05-02 20:11:04+00:00,0.87,0.05500000000000005,,"{-2: 0.010000000000000009, -1: 0.0050000000000000044, 0: 0.05500000000000005, 1: 0.06000000000000005, 2: 0.08000000000000007}",0.02500000000000005,0.041806250000000045,0.02500000000000005,0.041806250000000045
hltv-2393350-107729,hltv_2393350_107729_natus_vincere_vs_vitality_m1_nuke,de_nuke,strict,Vitality,a,prematch,2026-05-03 17:34:09+00:00,0.705,0.6423685943879784,1.1692157719920115,a,a,False,0.5471372513668014,2026-05-03 17:37:26.060000+00:00,6,2026-05-03 17:38:05+00:00,0.655,-0.04999999999999993,0.655,v3_quick,pistol_end,2026-05-03 17:38:05+00:00,0.655,-0.04999999999999993,,"{-2: -0.029999999999999916, -1: -0.08499999999999996, 0: -0.04999999999999993, 1: -0.08999999999999997, 2: 0.0}",-0.07999999999999993,-0.07169749999999994,-0.07999999999999993,-0.07169749999999994
hltv-2393350-107729,hltv_2393350_107729_natus_vincere_vs_vitality_m1_nuke,de_nuke,relaxed,Vitality,a,prematch,2026-05-03 17:34:09+00:00,0.705,0.6423685943879784,1.1692157719920115,a,a,False,0.5471372513668014,2026-05-03 17:37:26.060000+00:00,6,2026-05-03 17:38:05+00:00,0.655,-0.04999999999999993,0.655,v3_quick,pistol_end,2026-05-03 17:38:05+00:00,0.655,-0.04999999999999993,,"{-2: -0.029999999999999916, -1: -0.08499999999999996, 0: -0.04999999999999993, 1: -0.08999999999999997, 2: 0.0}",-0.07999999999999993,-0.07169749999999994,-0.07999999999999993,-0.07169749999999994
hltv-2394116-107828,hltv_2394116_107828_aurora_vs_heroic_m1_nuke,de_nuke,relaxed,Aurora Gaming,a,prematch,2026-05-09 04:57:04+00:00,0.625,0.7392236840049962,-0.07801783440667369,b,a,True,0.7550776928071128,2026-05-09 05:00:48.920000+00:00,0,2026-05-09 05:01:19+00:00,0.59,-0.03500000000000003,0.65,v3_win_pop,pistol_end,2026-05-09 05:01:19+00:00,0.59,-0.03500000000000003,,"{-2: -0.0050000000000000044, -1: -0.050000000000000044, 0: -0.03500000000000003, 1: 0.025000000000000022, 2: 0.07499999999999996}",-0.06500000000000003,-0.05881375000000003,-0.06500000000000003,-0.05881375000000003
hltv-2394123-107837,hltv_2394123_107837_parivision_vs_9z_m1_inferno,de_inferno,strict,PARIVISION,a,prematch,2026-05-09 11:45:06+00:00,0.615,0.6441309719848703,0.6210571451200398,a,a,False,0.6789685872456259,2026-05-09 11:48:08.379999999+00:00,7,2026-05-09 11:49:19+00:00,0.45,-0.16499999999999998,0.435,v3_hold,r3_end,2026-05-09 11:51:08+00:00,0.435,-0.18,False,"{-2: -0.07999999999999996, -1: -0.09499999999999997, 0: -0.16499999999999998, 1: -0.16499999999999998, 2: -0.18}",-0.19499999999999998,-0.18921374999999999,-0.21,-0.2041275
hltv-2394123-107837,hltv_2394123_107837_parivision_vs_9z_m1_inferno,de_inferno,relaxed,PARIVISION,a,prematch,2026-05-09 11:45:06+00:00,0.615,0.6441309719848703,0.6210571451200398,a,a,False,0.6789685872456259,2026-05-09 11:48:08.379999999+00:00,7,2026-05-09 11:49:19+00:00,0.45,-0.16499999999999998,0.435,v3_hold,r3_end,2026-05-09 11:51:08+00:00,0.435,-0.18,False,"{-2: -0.07999999999999996, -1: -0.09499999999999997, 0: -0.16499999999999998, 1: -0.16499999999999998, 2: -0.18}",-0.19499999999999998,-0.18921374999999999,-0.21,-0.2041275
hltv-2394124-107855,hltv_2394124_107855_mouz_vs_g2_m1_dust2,de_dust2,strict,G2,a,prematch,2026-05-10 05:00:09+00:00,0.615,0.5774432356691118,0.25993438911088834,a,a,True,0.30896857660301086,2026-05-10 05:03:15.410000+00:00,2,2026-05-10 05:03:21+00:00,0.695,0.07999999999999996,0.595,v3_win_pop,pistol_end,2026-05-10 05:03:21+00:00,0.695,0.07999999999999996,,"{-2: -0.010000000000000009, -1: 0.07999999999999996, 0: 0.07999999999999996, 1: -0.06999999999999995, 2: -0.13}",0.04999999999999996,0.05756249999999996,0.04999999999999996,0.05756249999999996
hltv-2394124-107855,hltv_2394124_107855_mouz_vs_g2_m1_dust2,de_dust2,relaxed,G2,a,prematch,2026-05-10 05:00:09+00:00,0.615,0.5774432356691118,0.25993438911088834,a,a,True,0.30896857660301086,2026-05-10 05:03:15.410000+00:00,2,2026-05-10 05:03:21+00:00,0.695,0.07999999999999996,0.595,v3_win_pop,pistol_end,2026-05-10 05:03:21+00:00,0.695,0.07999999999999996,,"{-2: -0.010000000000000009, -1: 0.07999999999999996, 0: 0.07999999999999996, 1: -0.06999999999999995, 2: -0.13}",0.04999999999999996,0.05756249999999996,0.04999999999999996,0.05756249999999996
hltv-2394127-107860,hltv_2394127_107860_aurora_vs_the_huns_m1_nuke,de_nuke,strict,Aurora Gaming,a,prematch,2026-05-10 08:18:19+00:00,0.775,0.7161210196892684,0.58389013203954,a,a,True,0.6904662075612077,2026-05-10 08:21:22.060000+00:00,1,2026-05-10 08:22:04+00:00,0.775,0.0,0.86,v3_win_pop,pistol_end,2026-05-10 08:22:04+00:00,0.775,0.0,,"{-2: -0.030000000000000027, -1: 0.0050000000000000044, 0: 0.0, 1: 0.08499999999999996, 2: 0.08999999999999997}",-0.03,-0.0174375,-0.03,-0.0174375
hltv-2394127-107860,hltv_2394127_107860_aurora_vs_the_huns_m1_nuke,de_nuke,relaxed,Aurora Gaming,a,prematch,2026-05-10 08:18:19+00:00,0.775,0.7161210196892684,0.58389013203954,a,a,True,0.6904662075612077,2026-05-10 08:21:22.060000+00:00,1,2026-05-10 08:22:04+00:00,0.775,0.0,0.86,v3_win_pop,pistol_end,2026-05-10 08:22:04+00:00,0.775,0.0,,"{-2: -0.030000000000000027, -1: 0.0050000000000000044, 0: 0.0, 1: 0.08499999999999996, 2: 0.08999999999999997}",-0.03,-0.0174375,-0.03,-0.0174375
hltv-2394126-107862,hltv_2394126_107862_the_mongolz_vs_spirit_m1_dust2,de_dust2,strict,Spirit,a,prematch,2026-05-10 08:38:09+00:00,0.685,0.6904690408527656,0.3025649761731775,a,a,True,0.5798434729273849,2026-05-10 08:41:44.220000+00:00,2,2026-05-10 08:42:06+00:00,0.815,0.1299999999999999,0.815,v3_win_pop,pistol_end,2026-05-10 08:42:06+00:00,0.815,0.1299999999999999,,"{-2: 0.10999999999999999, -1: 0.08999999999999997, 0: 0.1299999999999999, 1: 0.1299999999999999, 2: 0.1499999999999999}",0.0999999999999999,0.1116724999999999,0.0999999999999999,0.1116724999999999
hltv-2394126-107862,hltv_2394126_107862_the_mongolz_vs_spirit_m1_dust2,de_dust2,relaxed,Spirit,a,prematch,2026-05-10 08:38:09+00:00,0.685,0.6904690408527656,0.3025649761731775,a,a,True,0.5798434729273849,2026-05-10 08:41:44.220000+00:00,2,2026-05-10 08:42:06+00:00,0.815,0.1299999999999999,0.815,v3_win_pop,pistol_end,2026-05-10 08:42:06+00:00,0.815,0.1299999999999999,,"{-2: 0.10999999999999999, -1: 0.08999999999999997, 0: 0.1299999999999999, 1: 0.1299999999999999, 2: 0.1499999999999999}",0.0999999999999999,0.1116724999999999,0.0999999999999999,0.1116724999999999
hltv-2394130-107875,hltv_2394130_107875_falcons_vs_9z_m1_nuke,de_nuke,relaxed,Team Falcons,a,prematch,2026-05-10 13:15:07+00:00,0.83,0.6448674119046708,-0.31810398562656583,b,a,True,0.47011408199998966,2026-05-10 13:18:25.800000+00:00,7,2026-05-10 13:19:05+00:00,0.78,-0.04999999999999993,0.82,v3_win_pop,pistol_end,2026-05-10 13:19:05+00:00,0.78,-0.04999999999999993,,"{-2: -0.07499999999999996, -1: -0.08499999999999996, 0: -0.04999999999999993, 1: -0.010000000000000009, 2: 0.0050000000000000044}",-0.07999999999999993,-0.06563499999999994,-0.07999999999999993,-0.06563499999999994
hltv-2394132-107892,hltv_2394132_107892_parivision_vs_aurora_m1_anubis,de_anubis,relaxed,Aurora Gaming,a,prematch,2026-05-11 04:53:05+00:00,0.535,0.6318280880159165,-0.09548555093786519,b,a,True,0.668823967086104,2026-05-11 04:57:04.300000+00:00,-4,2026-05-11 04:57:05+00:00,0.535,0.0,0.535,v3_win_pop,pistol_end,2026-05-11 04:57:05+00:00,0.535,0.0,,"{-2: 0.0, -1: 0.0, 0: 0.0, 1: 0.0, 2: 0.020000000000000018}",-0.03,-0.0248775,-0.03,-0.0248775
hltv-2394134-107896,hltv_2394134_107896_falcons_vs_monte_m1_dust2,de_dust2,strict,Team Falcons,a,prematch,2026-05-11 07:28:06+00:00,0.725,0.8383254083862159,0.15794680456691107,a,a,True,0.349190392144694,2026-05-11 07:32:01.950000+00:00,6,2026-05-11 07:32:05+00:00,0.815,0.08999999999999997,0.83,v3_win_pop,pistol_end,2026-05-11 07:32:05+00:00,0.815,0.08999999999999997,,"{-2: 0.04500000000000004, -1: 0.08999999999999997, 0: 0.08999999999999997, 1: 0.10499999999999998, 2: 0.14}",0.05999999999999997,0.07249249999999996,0.05999999999999997,0.07249249999999996
hltv-2394134-107896,hltv_2394134_107896_falcons_vs_monte_m1_dust2,de_dust2,relaxed,Team Falcons,a,prematch,2026-05-11 07:28:06+00:00,0.725,0.8383254083862159,0.15794680456691107,a,a,True,0.349190392144694,2026-05-11 07:32:01.950000+00:00,6,2026-05-11 07:32:05+00:00,0.815,0.08999999999999997,0.83,v3_win_pop,pistol_end,2026-05-11 07:32:05+00:00,0.815,0.08999999999999997,,"{-2: 0.04500000000000004, -1: 0.08999999999999997, 0: 0.08999999999999997, 1: 0.10499999999999998, 2: 0.14}",0.05999999999999997,0.07249249999999996,0.05999999999999997,0.07249249999999996
hltv-2394136-107903,hltv_2394136_107903_mouz_vs_9z_m1_nuke,de_nuke,relaxed,9z,b,prematch,2026-05-11 10:00:05+00:00,0.445,0.4319276210964185,0.28644630740602234,a,b,False,0.34820748087995,2026-05-11 10:03:13.190000+00:00,3,2026-05-11 10:04:17+00:00,0.385,-0.06,0.345,v3_quick,pistol_end,2026-05-11 10:04:17+00:00,0.385,-0.06,,"{-2: -0.020000000000000018, -1: -0.08000000000000002, 0: -0.06, 1: -0.06, 2: -0.10000000000000003}",-0.09,-0.0841875,-0.09,-0.0841875
hltv-2394139-107907,hltv_2394139_107907_the_huns_vs_fisher_college_m1_nuke,de_nuke,relaxed,Fisher College,a,prematch,2026-05-11 13:07:06+00:00,0.535,0.6144612381040193,-0.06733992239310438,b,a,False,0.440928037902862,2026-05-11 13:10:33.970000+00:00,14,2026-05-11 13:11:04+00:00,0.58,0.04499999999999993,0.51,v3_quick,pistol_end,2026-05-11 13:11:04+00:00,0.58,0.04499999999999993,,"{-2: -0.010000000000000009, -1: -0.010000000000000009, 0: 0.04499999999999993, 1: -0.025000000000000022, 2: -0.06000000000000005}",0.01499999999999993,0.020381249999999927,0.01499999999999993,0.020381249999999927
hltv-2394111-107920,hltv_2394111_107920_nrg_vs_fut_m1_ancient,de_ancient,relaxed,NRG,a,prematch,2026-05-11 18:34:07+00:00,0.275,0.5869001905283256,-0.193453406530939,b,a,True,0.24633410178198037,2026-05-11 18:38:04.860000+00:00,2,2026-05-11 18:38:05+00:00,0.315,0.03999999999999998,0.405,v3_win_pop,pistol_end,2026-05-11 18:38:05+00:00,0.315,0.03999999999999998,,"{-2: 0.0, -1: 0.009999999999999953, 0: 0.03999999999999998, 1: 0.09999999999999998, 2: 0.19}",0.009999999999999981,0.01924249999999998,0.009999999999999981,0.01924249999999998
hltv-2394115-107924,hltv_2394115_107924_liquid_vs_astralis_m1_dust2,de_dust2,strict,Astralis,a,prematch,2026-05-11 23:03:05+00:00,0.565,0.5970129042613307,0.29084925515939597,a,a,True,0.6822227950617008,2026-05-11 23:06:42.160000+00:00,6,2026-05-11 23:07:05+00:00,0.645,0.08000000000000007,0.685,v3_win_pop,pistol_end,2026-05-11 23:07:05+00:00,0.645,0.08000000000000007,,"{-2: 0.0, -1: 0.09000000000000008, 0: 0.08000000000000007, 1: 0.1200000000000001, 2: 0.16000000000000003}",0.05000000000000007,0.05626250000000007,0.05000000000000007,0.05626250000000007
hltv-2394115-107924,hltv_2394115_107924_liquid_vs_astralis_m1_dust2,de_dust2,relaxed,Astralis,a,prematch,2026-05-11 23:03:05+00:00,0.565,0.5970129042613307,0.29084925515939597,a,a,True,0.6822227950617008,2026-05-11 23:06:42.160000+00:00,6,2026-05-11 23:07:05+00:00,0.645,0.08000000000000007,0.685,v3_win_pop,pistol_end,2026-05-11 23:07:05+00:00,0.645,0.08000000000000007,,"{-2: 0.0, -1: 0.09000000000000008, 0: 0.08000000000000007, 1: 0.1200000000000001, 2: 0.16000000000000003}",0.05000000000000007,0.05626250000000007,0.05000000000000007,0.05626250000000007
hltv-2394141-107929,hltv_2394141_107929_heroic_vs_magic_m1_mirage,de_mirage,strict,Heroic,a,prematch,2026-05-12 05:13:05+00:00,0.735,0.5914385778040753,0.16563229030674695,a,a,False,0.5121232878151035,2026-05-12 05:16:15.110000+00:00,15,2026-05-12 05:17:19+00:00,0.6,-0.135,0.545,v3_quick,pistol_end,2026-05-12 05:17:19+00:00,0.6,-0.135,,"{-2: -0.015000000000000013, -1: -0.08499999999999996, 0: -0.135, 1: -0.135, 2: -0.27999999999999997}",-0.165,-0.15673875,-0.165,-0.15673875
hltv-2394141-107929,hltv_2394141_107929_heroic_vs_magic_m1_mirage,de_mirage,relaxed,Heroic,a,prematch,2026-05-12 05:13:05+00:00,0.735,0.5914385778040753,0.16563229030674695,a,a,False,0.5121232878151035,2026-05-12 05:16:15.110000+00:00,15,2026-05-12 05:17:19+00:00,0.6,-0.135,0.545,v3_quick,pistol_end,2026-05-12 05:17:19+00:00,0.6,-0.135,,"{-2: -0.015000000000000013, -1: -0.08499999999999996, 0: -0.135, 1: -0.135, 2: -0.27999999999999997}",-0.165,-0.15673875,-0.165,-0.15673875
hltv-2394145-107943,hltv_2394145_107943_parivision_vs_g2_m1_mirage,de_mirage,strict,G2,a,prematch,2026-05-12 11:22:05+00:00,0.595,0.6162859850755085,0.7148857751131168,a,a,True,0.5240345937066029,2026-05-12 11:26:02.660000+00:00,5,2026-05-12 11:26:04+00:00,0.73,0.135,0.735,v3_win_pop,pistol_end,2026-05-12 11:26:04+00:00,0.73,0.135,,"{-2: 0.0, -1: 0.07000000000000006, 0: 0.135, 1: 0.14, 2: 0.15000000000000002}",0.10500000000000001,0.11309625000000001,0.10500000000000001,0.11309625000000001
hltv-2394145-107943,hltv_2394145_107943_parivision_vs_g2_m1_mirage,de_mirage,relaxed,G2,a,prematch,2026-05-12 11:22:05+00:00,0.595,0.6162859850755085,0.7148857751131168,a,a,True,0.5240345937066029,2026-05-12 11:26:02.660000+00:00,5,2026-05-12 11:26:04+00:00,0.73,0.135,0.735,v3_win_pop,pistol_end,2026-05-12 11:26:04+00:00,0.73,0.135,,"{-2: 0.0, -1: 0.07000000000000006, 0: 0.135, 1: 0.14, 2: 0.15000000000000002}",0.10500000000000001,0.11309625000000001,0.10500000000000001,0.11309625000000001
hltv-2394160-107951,hltv_2394160_107951_faze_vs_nrg_m1_ancient,de_ancient,strict,NRG,a,prematch,2026-05-12 15:28:07+00:00,0.4,0.6895753603386635,0.34112170196112707,a,a,False,0.29985305319677125,2026-05-12 15:32:05.120000+00:00,1,2026-05-12 15:32:06+00:00,0.375,-0.025000000000000022,0.345,v3_quick,pistol_end,2026-05-12 15:32:06+00:00,0.375,-0.025000000000000022,,"{-2: 0.0, -1: -0.025000000000000022, 0: -0.025000000000000022, 1: -0.05500000000000005, 2: -0.16500000000000004}",-0.05500000000000002,-0.048718750000000026,-0.05500000000000002,-0.048718750000000026
hltv-2394160-107951,hltv_2394160_107951_faze_vs_nrg_m1_ancient,de_ancient,relaxed,NRG,a,prematch,2026-05-12 15:28:07+00:00,0.4,0.6895753603386635,0.34112170196112707,a,a,False,0.29985305319677125,2026-05-12 15:32:05.120000+00:00,1,2026-05-12 15:32:06+00:00,0.375,-0.025000000000000022,0.345,v3_quick,pistol_end,2026-05-12 15:32:06+00:00,0.375,-0.025000000000000022,,"{-2: 0.0, -1: -0.025000000000000022, 0: -0.025000000000000022, 1: -0.05500000000000005, 2: -0.16500000000000004}",-0.05500000000000002,-0.048718750000000026,-0.05500000000000002,-0.048718750000000026
hltv-2394157-107957,hltv_2394157_107957_betboom_vs_vitality_m1_anubis,de_anubis,strict,Vitality,a,prematch,2026-05-12 18:09:20+00:00,0.67,0.6685730419398412,1.4449390679857386,a,a,True,0.6569669855078892,2026-05-12 18:12:41.220000+00:00,11,2026-05-12 18:13:06+00:00,0.62,-0.050000000000000044,0.62,v3_win_pop,pistol_end,2026-05-12 18:13:06+00:00,0.62,-0.050000000000000044,,"{-2: 0.04999999999999993, -1: 0.05499999999999994, 0: -0.050000000000000044, 1: -0.04500000000000004, 2: -0.17500000000000004}",-0.08000000000000004,-0.07283500000000004,-0.08000000000000004,-0.07283500000000004
hltv-2394157-107957,hltv_2394157_107957_betboom_vs_vitality_m1_anubis,de_anubis,relaxed,Vitality,a,prematch,2026-05-12 18:09:20+00:00,0.67,0.6685730419398412,1.4449390679857386,a,a,True,0.6569669855078892,2026-05-12 18:12:41.220000+00:00,11,2026-05-12 18:13:06+00:00,0.62,-0.050000000000000044,0.62,v3_win_pop,pistol_end,2026-05-12 18:13:06+00:00,0.62,-0.050000000000000044,,"{-2: 0.04999999999999993, -1: 0.05499999999999994, 0: -0.050000000000000044, 1: -0.04500000000000004, 2: -0.17500000000000004}",-0.08000000000000004,-0.07283500000000004,-0.08000000000000004,-0.07283500000000004
hltv-2394161-107961,hltv_2394161_107961_natus_vincere_vs_gamerlegion_m1_inferno,de_inferno,strict,Natus Vincere,b,prematch,2026-05-12 21:06:09+00:00,0.655,0.3622147194947008,-0.6167324046503737,b,b,True,0.6502178564169794,2026-05-12 21:10:04.380000+00:00,0,2026-05-12 21:10:07+00:00,0.72,0.06499999999999995,0.775,v3_win_pop,pistol_end,2026-05-12 21:10:07+00:00,0.72,0.06499999999999995,,"{-2: -0.010000000000000009, -1: 0.0, 0: 0.06499999999999995, 1: 0.12, 2: 0.12}",0.03499999999999995,0.043621249999999945,0.03499999999999995,0.043621249999999945
hltv-2394161-107961,hltv_2394161_107961_natus_vincere_vs_gamerlegion_m1_inferno,de_inferno,relaxed,Natus Vincere,b,prematch,2026-05-12 21:06:09+00:00,0.655,0.3622147194947008,-0.6167324046503737,b,b,True,0.6502178564169794,2026-05-12 21:10:04.380000+00:00,0,2026-05-12 21:10:07+00:00,0.72,0.06499999999999995,0.775,v3_win_pop,pistol_end,2026-05-12 21:10:07+00:00,0.72,0.06499999999999995,,"{-2: -0.010000000000000009, -1: 0.0, 0: 0.06499999999999995, 1: 0.12, 2: 0.12}",0.03499999999999995,0.043621249999999945,0.03499999999999995,0.043621249999999945
hltv-2394147-107971,hltv_2394147_107971_monte_vs_g2_m1_ancient,de_ancient,strict,G2,a,prematch,2026-05-13 07:34:07+00:00,0.695,0.7237824317154499,0.8626827049638853,a,a,True,0.4080426603095974,2026-05-13 07:37:14.950000+00:00,6,2026-05-13 07:37:15+00:00,0.845,0.15000000000000002,0.865,v3_win_pop,pistol_end,2026-05-13 07:37:15+00:00,0.845,0.15000000000000002,,"{-2: 0.08000000000000007, -1: 0.15000000000000002, 0: 0.15000000000000002, 1: 0.18000000000000005, 2: 0.20500000000000007}",0.12000000000000002,0.1328525,0.12000000000000002,0.1328525
hltv-2394147-107971,hltv_2394147_107971_monte_vs_g2_m1_ancient,de_ancient,relaxed,G2,a,prematch,2026-05-13 07:34:07+00:00,0.695,0.7237824317154499,0.8626827049638853,a,a,True,0.4080426603095974,2026-05-13 07:37:14.950000+00:00,6,2026-05-13 07:37:15+00:00,0.845,0.15000000000000002,0.865,v3_win_pop,pistol_end,2026-05-13 07:37:15+00:00,0.845,0.15000000000000002,,"{-2: 0.08000000000000007, -1: 0.15000000000000002, 0: 0.15000000000000002, 1: 0.18000000000000005, 2: 0.20500000000000007}",0.12000000000000002,0.1328525,0.12000000000000002,0.1328525
hltv-2394148-107977,hltv_2394148_107977_the_mongolz_vs_aurora_m1_overpass,de_overpass,strict,Aurora Gaming,a,prematch,2026-05-13 09:57:04+00:00,0.505,0.5504792387435938,0.22525699198371776,a,a,False,0.5428489209740096,2026-05-13 10:00:07.019999999+00:00,-1,2026-05-13 10:01:09+00:00,0.555,0.050000000000000044,0.56,v3_quick,pistol_end,2026-05-13 10:01:09+00:00,0.555,0.050000000000000044,,"{-2: 0.010000000000000009, -1: 0.030000000000000027, 0: 0.050000000000000044, 1: 0.050000000000000044, 2: 0.05500000000000005}",0.020000000000000046,0.025152500000000043,0.020000000000000046,0.025152500000000043
hltv-2394148-107977,hltv_2394148_107977_the_mongolz_vs_aurora_m1_overpass,de_overpass,relaxed,Aurora Gaming,a,prematch,2026-05-13 09:57:04+00:00,0.505,0.5504792387435938,0.22525699198371776,a,a,False,0.5428489209740096,2026-05-13 10:00:07.019999999+00:00,-1,2026-05-13 10:01:09+00:00,0.555,0.050000000000000044,0.56,v3_quick,pistol_end,2026-05-13 10:01:09+00:00,0.555,0.050000000000000044,,"{-2: 0.010000000000000009, -1: 0.030000000000000027, 0: 0.050000000000000044, 1: 0.050000000000000044, 2: 0.05500000000000005}",0.020000000000000046,0.025152500000000043,0.020000000000000046,0.025152500000000043
hltv-2394165-107988,hltv_2394165_107988_b8_vs_fut_m1_ancient,de_ancient,strict,FUT Esports,b,prematch,2026-05-13 15:38:06+00:00,0.665,0.42190827170229905,-0.48111318092100774,b,b,False,0.6543826856634705,2026-05-13 15:41:56.220000+00:00,11,2026-05-13 15:42:14+00:00,0.605,-0.06000000000000005,0.605,v3_hold,r3_end,2026-05-13 15:45:09+00:00,0.695,0.029999999999999916,False,"{-2: 0.010000000000000009, -1: 0.0050000000000000044, 0: -0.06000000000000005, 1: -0.07000000000000006, 2: -0.04500000000000004}",-0.09000000000000005,-0.08308750000000005,-8.326672684688674e-17,0.008262499999999916
hltv-2394165-107988,hltv_2394165_107988_b8_vs_fut_m1_ancient,de_ancient,relaxed,FUT Esports,b,prematch,2026-05-13 15:38:06+00:00,0.665,0.42190827170229905,-0.48111318092100774,b,b,False,0.6543826856634705,2026-05-13 15:41:56.220000+00:00,11,2026-05-13 15:42:14+00:00,0.605,-0.06000000000000005,0.605,v3_hold,r3_end,2026-05-13 15:45:09+00:00,0.695,0.029999999999999916,False,"{-2: 0.010000000000000009, -1: 0.0050000000000000044, 0: -0.06000000000000005, 1: -0.07000000000000006, 2: -0.04500000000000004}",-0.09000000000000005,-0.08308750000000005,-8.326672684688674e-17,0.008262499999999916
hltv-2394171-108002,hltv_2394171_108002_natus_vincere_vs_legacy_m1_inferno,de_inferno,strict,Legacy,b,prematch,2026-05-13 23:36:06+00:00,0.405,0.36321499332280094,-0.8767044659117351,b,b,False,0.47759646438494296,2026-05-13 23:39:14.950000+00:00,-1,2026-05-13 23:40:07+00:00,0.305,-0.10000000000000003,0.28,v3_quick,pistol_end,2026-05-13 23:40:07+00:00,0.305,-0.10000000000000003,,"{-2: 0.004999999999999949, -1: 0.004999999999999949, 0: -0.10000000000000003, 1: -0.125, 2: -0.125}",-0.13000000000000003,-0.12264750000000003,-0.13000000000000003,-0.12264750000000003
hltv-2394171-108002,hltv_2394171_108002_natus_vincere_vs_legacy_m1_inferno,de_inferno,relaxed,Legacy,b,prematch,2026-05-13 23:36:06+00:00,0.405,0.36321499332280094,-0.8767044659117351,b,b,False,0.47759646438494296,2026-05-13 23:39:14.950000+00:00,-1,2026-05-13 23:40:07+00:00,0.305,-0.10000000000000003,0.28,v3_quick,pistol_end,2026-05-13 23:40:07+00:00,0.305,-0.10000000000000003,,"{-2: 0.004999999999999949, -1: 0.004999999999999949, 0: -0.10000000000000003, 1: -0.125, 2: -0.125}",-0.13000000000000003,-0.12264750000000003,-0.13000000000000003,-0.12264750000000003
hltv-2394149-108024,hltv_2394149_108024_mouz_vs_aurora_m1_dust2,de_dust2,relaxed,Aurora Gaming,a,prematch,2026-05-15 05:19:06+00:00,0.515,0.8083332199115183,-0.4123821194596687,b,a,True,0.4945384967016742,2026-05-15 05:22:17.160000+00:00,1,2026-05-15 05:23:09+00:00,0.655,0.14,0.735,v3_win_pop,pistol_end,2026-05-15 05:23:09+00:00,0.655,0.14,,"{-2: 0.0, -1: 0.030000000000000027, 0: 0.14, 1: 0.21999999999999997, 2: 0.21999999999999997}",0.11000000000000001,0.11621250000000001,0.11000000000000001,0.11621250000000001
hltv-2394151-108031,hltv_2394151_108031_9z_vs_magic_m1_dust2,de_dust2,relaxed,magic,b,prematch,2026-05-15 11:46:05+00:00,0.335,0.4321160164515531,0.2538002033174715,a,b,True,0.5950372549635383,2026-05-15 11:49:42.250000+00:00,4,2026-05-15 11:50:04+00:00,0.435,0.09999999999999998,0.515,v3_win_pop,pistol_end,2026-05-15 11:50:04+00:00,0.435,0.09999999999999998,,"{-2: 0.14499999999999996, -1: 0.08499999999999996, 0: 0.09999999999999998, 1: 0.185, 2: 0.18}",0.06999999999999998,0.07657249999999997,0.06999999999999998,0.07657249999999997
hltv-2394154-108061,hltv_2394154_108061_magic_vs_falcons_m1_ancient,de_ancient,strict,Team Falcons,a,prematch,2026-05-16 13:04:06+00:00,0.755,0.5891967848831484,0.7026366921796172,a,a,False,0.4933135550327164,2026-05-16 13:08:05.560000+00:00,7,2026-05-16 13:08:06+00:00,0.625,-0.13,0.73,v3_quick,pistol_end,2026-05-16 13:08:06+00:00,0.625,-0.13,,"{-2: -0.010000000000000009, -1: -0.13, 0: -0.13, 1: -0.015000000000000013, 2: -0.015000000000000013}",-0.16,-0.1509675,-0.16,-0.1509675
hltv-2394154-108061,hltv_2394154_108061_magic_vs_falcons_m1_ancient,de_ancient,relaxed,Team Falcons,a,prematch,2026-05-16 13:04:06+00:00,0.755,0.5891967848831484,0.7026366921796172,a,a,False,0.4933135550327164,2026-05-16 13:08:05.560000+00:00,7,2026-05-16 13:08:06+00:00,0.625,-0.13,0.73,v3_quick,pistol_end,2026-05-16 13:08:06+00:00,0.625,-0.13,,"{-2: -0.010000000000000009, -1: -0.13, 0: -0.13, 1: -0.015000000000000013, 2: -0.015000000000000013}",-0.16,-0.1509675,-0.16,-0.1509675
hltv-2394860-108715,hltv_2394860_108715_liquid_vs_heroic_m1_nuke,de_nuke,relaxed,Liquid,a,prematch,2026-06-04 17:09:03+00:00,0.585,0.5788291263281222,-1.0511222225439414,b,a,False,0.43596352311386005,2026-06-04 17:12:21.090000+00:00,6,2026-06-04 17:13:03+00:00,0.68,0.09500000000000008,0.695,v3_quick,pistol_end,2026-06-04 17:13:03+00:00,0.68,0.09500000000000008,,"{-2: 0.050000000000000044, -1: 0.05500000000000005, 0: 0.09500000000000008, 1: 0.10999999999999999, 2: 0.12}",0.06500000000000009,0.07198125000000008,0.06500000000000009,0.07198125000000008
hltv-2394861-108714,hltv_2394861_108714_m80_vs_nrg_m1_ancient,de_ancient,strict,NRG,a,prematch,2026-06-04 16:58:04+00:00,0.435,0.5798801914285266,0.15535251935517316,a,a,False,0.38584905892170623,2026-06-04 17:01:04+00:00,-1,2026-06-04 17:01:06+00:00,0.455,0.020000000000000018,0.455,v3_quick,pistol_end,2026-06-04 17:01:06+00:00,0.455,0.020000000000000018,,"{-2: -0.010000000000000009, -1: -0.015000000000000013, 0: 0.020000000000000018, 1: 0.030000000000000027, 2: 0.020000000000000018}",-0.009999999999999981,-0.004687499999999983,-0.009999999999999981,-0.004687499999999983
hltv-2394861-108714,hltv_2394861_108714_m80_vs_nrg_m1_ancient,de_ancient,relaxed,NRG,a,prematch,2026-06-04 16:58:04+00:00,0.435,0.5798801914285266,0.15535251935517316,a,a,False,0.38584905892170623,2026-06-04 17:01:04+00:00,-1,2026-06-04 17:01:06+00:00,0.455,0.020000000000000018,0.455,v3_quick,pistol_end,2026-06-04 17:01:06+00:00,0.455,0.020000000000000018,,"{-2: -0.010000000000000009, -1: -0.015000000000000013, 0: 0.020000000000000018, 1: 0.030000000000000027, 2: 0.020000000000000018}",-0.009999999999999981,-0.004687499999999983,-0.009999999999999981,-0.004687499999999983
hltv-2394888-108788,hltv_2394888_108788_spirit_vs_9z_m1_mirage,de_mirage,relaxed,9z,a,prematch,2026-06-07 16:58:04+00:00,0.175,0.5632616674252403,-1.0184458754950858,b,a,True,0.517787844391245,2026-06-07 17:01:27.480000+00:00,0,2026-06-07 17:02:03+00:00,0.185,0.010000000000000009,0.215,v3_win_pop,pistol_end,2026-06-07 17:02:03+00:00,0.185,0.010000000000000009,,"{-2: -0.03, -1: -0.034999999999999976, 0: 0.010000000000000009, 1: 0.04000000000000001, 2: 0.04500000000000001}",-0.01999999999999999,-0.004757499999999989,-0.01999999999999999,-0.004757499999999989
hltv-2394887-108793,hltv_2394887_108793_g2_vs_fut_m1_anubis,de_anubis,relaxed,FUT Esports,b,prematch,2026-06-07 18:47:04+00:00,0.53,0.42993640377437087,0.5850447904429084,a,b,True,0.4143289212483441,2026-06-07 18:50:43.950000+00:00,-1,2026-06-07 18:51:16+00:00,0.525,-0.0050000000000000044,0.525,v3_win_pop,pistol_end,2026-06-07 18:51:16+00:00,0.525,-0.0050000000000000044,,"{-2: 0.020000000000000018, -1: 0.0, 0: -0.0050000000000000044, 1: -0.030000000000000027, 2: 0.0050000000000000044}",-0.035,-0.029923750000000006,-0.035,-0.029923750000000006
hltv-2394889-108803,hltv_2394889_108803_astralis_vs_pain_m1_nuke,de_nuke,relaxed,Astralis,b,prematch,2026-06-08 11:59:04+00:00,0.535,0.35146775609462627,1.2671821066176552,a,b,False,0.3461100318724776,2026-06-08 12:02:07.920000+00:00,1,2026-06-08 12:03:04+00:00,0.465,-0.07,0.47,v3_quick,pistol_end,2026-06-08 12:03:04+00:00,0.465,-0.07,,"{-2: -0.015000000000000013, -1: -0.030000000000000027, 0: -0.07, 1: -0.06500000000000006, 2: 0.06999999999999995}",-0.1,-0.0948775,-0.1,-0.0948775
hltv-2394891-108807,hltv_2394891_108807_monte_vs_betboom_m1_nuke,de_nuke,strict,BetBoom Team,a,prematch,2026-06-08 14:26:04+00:00,0.665,0.6566780250747517,1.0243113155746826,a,a,True,0.5558296971370331,2026-06-08 14:29:35.970000+00:00,-2,2026-06-08 14:30:18+00:00,0.705,0.039999999999999925,0.72,v3_win_pop,pistol_end,2026-06-08 14:30:18+00:00,0.705,0.039999999999999925,,"{-2: 0.0, -1: 0.0, 0: 0.039999999999999925, 1: 0.05499999999999994, 2: 0.07499999999999996}",0.009999999999999926,0.018462499999999923,0.009999999999999926,0.018462499999999923
hltv-2394891-108807,hltv_2394891_108807_monte_vs_betboom_m1_nuke,de_nuke,relaxed,BetBoom Team,a,prematch,2026-06-08 14:26:04+00:00,0.665,0.6566780250747517,1.0243113155746826,a,a,True,0.5558296971370331,2026-06-08 14:29:35.970000+00:00,-2,2026-06-08 14:30:18+00:00,0.705,0.039999999999999925,0.72,v3_win_pop,pistol_end,2026-06-08 14:30:18+00:00,0.705,0.039999999999999925,,"{-2: 0.0, -1: 0.0, 0: 0.039999999999999925, 1: 0.05499999999999994, 2: 0.07499999999999996}",0.009999999999999926,0.018462499999999923,0.009999999999999926,0.018462499999999923
hltv-2394892-108806,hltv_2394892_108806_tyloo_vs_9z_m1_overpass,de_overpass,relaxed,9z,a,prematch,2026-06-08 15:37:04+00:00,0.915,0.7135242051269702,-0.3494344519008705,b,a,True,0.41965959920099555,2026-06-08 15:40:41.440000+00:00,39,2026-06-08 15:41:03+00:00,0.965,0.04999999999999993,0.945,v3_win_pop,pistol_end,2026-06-08 15:41:03+00:00,0.965,0.04999999999999993,,"{-2: 0.029999999999999916, -1: 0.039999999999999925, 0: 0.04999999999999993, 1: -0.020000000000000018, 2: 0.029999999999999916}",0.019999999999999934,0.044422499999999934,0.019999999999999934,0.044422499999999934
hltv-2394895-108825,hltv_2394895_108825_monte_vs_pain_m1_nuke,de_nuke,strict,paiN,a,prematch,2026-06-09 11:57:04+00:00,0.555,0.8438371056947118,1.9767014978476394,a,a,True,0.5929336036279089,2026-06-09 12:00:40.060000+00:00,-1,2026-06-09 12:01:03+00:00,0.565,0.009999999999999898,0.565,v3_win_pop,pistol_end,2026-06-09 12:01:03+00:00,0.565,0.009999999999999898,,"{-2: 0.019999999999999907, -1: 0.18499999999999994, 0: 0.009999999999999898, 1: 0.0, 2: 0.09499999999999997}",-0.0200000000000001,-0.014637500000000102,-0.0200000000000001,-0.014637500000000102
hltv-2394895-108825,hltv_2394895_108825_monte_vs_pain_m1_nuke,de_nuke,relaxed,paiN,a,prematch,2026-06-09 11:57:04+00:00,0.555,0.8438371056947118,1.9767014978476394,a,a,True,0.5929336036279089,2026-06-09 12:00:40.060000+00:00,-1,2026-06-09 12:01:03+00:00,0.565,0.009999999999999898,0.565,v3_win_pop,pistol_end,2026-06-09 12:01:03+00:00,0.565,0.009999999999999898,,"{-2: 0.019999999999999907, -1: 0.18499999999999994, 0: 0.009999999999999898, 1: 0.0, 2: 0.09499999999999997}",-0.0200000000000001,-0.014637500000000102,-0.0200000000000001,-0.014637500000000102
hltv-2394896-108829,hltv_2394896_108829_legacy_vs_tyloo_m1_mirage,de_mirage,strict,Legacy,a,prematch,2026-06-09 14:27:04+00:00,0.705,0.6020784156731072,1.2377397591747088,a,a,False,0.808410246371952,2026-06-09 14:30:19.980000+00:00,-1,2026-06-09 14:31:03+00:00,0.735,0.030000000000000027,0.65,v3_hold,r3_end,2026-06-09 14:33:04+00:00,0.65,-0.05499999999999994,False,"{-2: 0.0, -1: 0.0050000000000000044, 0: 0.030000000000000027, 1: -0.05499999999999994, 2: -0.05499999999999994}",2.7755575615628914e-17,0.009862500000000027,-0.08499999999999994,-0.07677374999999995
hltv-2394896-108829,hltv_2394896_108829_legacy_vs_tyloo_m1_mirage,de_mirage,relaxed,Legacy,a,prematch,2026-06-09 14:27:04+00:00,0.705,0.6020784156731072,1.2377397591747088,a,a,False,0.808410246371952,2026-06-09 14:30:19.980000+00:00,-1,2026-06-09 14:31:03+00:00,0.735,0.030000000000000027,0.65,v3_hold,r3_end,2026-06-09 14:33:04+00:00,0.65,-0.05499999999999994,False,"{-2: 0.0, -1: 0.0050000000000000044, 0: 0.030000000000000027, 1: -0.05499999999999994, 2: -0.05499999999999994}",2.7755575615628914e-17,0.009862500000000027,-0.08499999999999994,-0.07677374999999995
hltv-2394903-108851,hltv_2394903_108851_parivision_vs_9z_m1_overpass,de_overpass,relaxed,PARIVISION,a,prematch,2026-06-11 08:55:03+00:00,0.495,0.6353904525559493,-0.853638666655047,b,a,False,0.4576343464221801,2026-06-11 08:58:24.880000+00:00,-4,2026-06-11 08:59:06+00:00,0.465,-0.02999999999999997,0.485,v3_quick,pistol_end,2026-06-11 08:59:06+00:00,0.465,-0.02999999999999997,,"{-2: 0.0, -1: -0.025000000000000022, 0: -0.02999999999999997, 1: -0.0050000000000000044, 2: -0.010000000000000009}",-0.05999999999999997,-0.05493749999999997,-0.05999999999999997,-0.05493749999999997
hltv-2394905-108855,hltv_2394905_108855_mouz_vs_legacy_m1_dust2,de_dust2,strict,Legacy,a,prematch,2026-06-11 12:11:03+00:00,0.405,0.5942723376478339,1.3816770939929415,a,a,False,0.723013230629544,2026-06-11 12:14:20.640000+00:00,3,2026-06-11 12:15:05+00:00,0.5,0.09499999999999997,0.5,v3_hold,r3_end,2026-06-11 12:19:07+00:00,0.255,-0.15000000000000002,False,"{-2: -0.010000000000000009, -1: -0.030000000000000027, 0: 0.09499999999999997, 1: 0.09999999999999998, 2: 0.0}",0.06499999999999997,0.07045124999999997,-0.18000000000000002,-0.17154750000000002
hltv-2394905-108855,hltv_2394905_108855_mouz_vs_legacy_m1_dust2,de_dust2,relaxed,Legacy,a,prematch,2026-06-11 12:11:03+00:00,0.405,0.5942723376478339,1.3816770939929415,a,a,False,0.723013230629544,2026-06-11 12:14:20.640000+00:00,3,2026-06-11 12:15:05+00:00,0.5,0.09499999999999997,0.5,v3_hold,r3_end,2026-06-11 12:19:07+00:00,0.255,-0.15000000000000002,False,"{-2: -0.010000000000000009, -1: -0.030000000000000027, 0: 0.09499999999999997, 1: 0.09999999999999998, 2: 0.0}",0.06499999999999997,0.07045124999999997,-0.18000000000000002,-0.17154750000000002
hltv-2394898-108857,hltv_2394898_108857_vitality_vs_fut_m1_anubis,de_anubis,strict,Vitality,a,prematch,2026-06-11 12:11:03+00:00,0.72,0.6225036026832554,1.2530184046683448,a,a,True,0.6875756982294803,2026-06-11 12:14:25.950000+00:00,3,2026-06-11 12:15:05+00:00,0.775,0.05500000000000005,0.775,v3_win_pop,pistol_end,2026-06-11 12:15:05+00:00,0.775,0.05500000000000005,,"{-2: 0.0050000000000000044, -1: 0.015000000000000013, 0: 0.05500000000000005, 1: 0.08500000000000008, 2: -0.06499999999999995}",0.02500000000000005,0.036201250000000046,0.02500000000000005,0.036201250000000046
hltv-2394898-108857,hltv_2394898_108857_vitality_vs_fut_m1_anubis,de_anubis,relaxed,Vitality,a,prematch,2026-06-11 12:11:03+00:00,0.72,0.6225036026832554,1.2530184046683448,a,a,True,0.6875756982294803,2026-06-11 12:14:25.950000+00:00,3,2026-06-11 12:15:05+00:00,0.775,0.05500000000000005,0.775,v3_win_pop,pistol_end,2026-06-11 12:15:05+00:00,0.775,0.05500000000000005,,"{-2: 0.0050000000000000044, -1: 0.015000000000000013, 0: 0.05500000000000005, 1: 0.08500000000000008, 2: -0.06499999999999995}",0.02500000000000005,0.036201250000000046,0.02500000000000005,0.036201250000000046
hltv-2394899-108862,hltv_2394899_108862_falcons_vs_g2_m1_inferno,de_inferno,relaxed,Team Falcons,a,prematch,2026-06-11 15:03:04+00:00,0.555,0.583329058282256,-0.5063146370617724,b,a,True,0.3392708217331938,2026-06-11 15:06:33.270000+00:00,1,2026-06-11 15:07:03+00:00,0.655,0.09999999999999998,0.56,v3_win_pop,pistol_end,2026-06-11 15:07:03+00:00,0.655,0.09999999999999998,,"{-2: 0.019999999999999907, -1: 0.08999999999999997, 0: 0.09999999999999998, 1: 0.0050000000000000044, 2: -0.10000000000000003}",0.06999999999999998,0.07635249999999998,0.06999999999999998,0.07635249999999998
hltv-2394902-108861,hltv_2394902_108861_aurora_vs_monte_m1_nuke,de_nuke,strict,Aurora Gaming,a,prematch,2026-06-11 16:28:05+00:00,0.555,0.744224933166416,0.15884908285170657,a,a,True,0.548645905836556,2026-06-11 16:32:00.860000+00:00,1,2026-06-11 16:32:05+00:00,0.645,0.08999999999999997,0.635,v3_win_pop,pistol_end,2026-06-11 16:32:05+00:00,0.645,0.08999999999999997,,"{-2: 0.009999999999999898, -1: -0.030000000000000027, 0: 0.08999999999999997, 1: 0.07999999999999996, 2: -0.030000000000000027}",0.05999999999999997,0.06620249999999997,0.05999999999999997,0.06620249999999997
hltv-2394902-108861,hltv_2394902_108861_aurora_vs_monte_m1_nuke,de_nuke,relaxed,Aurora Gaming,a,prematch,2026-06-11 16:28:05+00:00,0.555,0.744224933166416,0.15884908285170657,a,a,True,0.548645905836556,2026-06-11 16:32:00.860000+00:00,1,2026-06-11 16:32:05+00:00,0.645,0.08999999999999997,0.635,v3_win_pop,pistol_end,2026-06-11 16:32:05+00:00,0.645,0.08999999999999997,,"{-2: 0.009999999999999898, -1: -0.030000000000000027, 0: 0.08999999999999997, 1: 0.07999999999999996, 2: -0.030000000000000027}",0.05999999999999997,0.06620249999999997,0.05999999999999997,0.06620249999999997
hltv-2394972-108871,hltv_2394972_108871_the_mongolz_vs_b8_m1_mirage,de_mirage,relaxed,B8,a,prematch,2026-06-12 09:01:18+00:00,0.35,0.5755948625620334,-0.3689275868656813,b,a,False,0.43768606424210654,2026-06-12 09:04:51.470000+00:00,4,2026-06-12 09:05:03+00:00,0.365,0.015000000000000013,0.275,v3_quick,pistol_end,2026-06-12 09:05:03+00:00,0.365,0.015000000000000013,,"{-2: -0.024999999999999967, -1: -0.034999999999999976, 0: 0.015000000000000013, 1: -0.07499999999999996, 2: -0.07499999999999996}",-0.014999999999999986,-0.007963749999999985,-0.014999999999999986,-0.007963749999999985
hltv-2394976-108879,hltv_2394976_108879_natus_vincere_vs_legacy_m1_inferno,de_inferno,strict,Legacy,b,prematch,2026-06-12 14:38:05+00:00,0.355,0.4173953866076666,-1.1051305858453466,b,b,False,0.4675292002311051,2026-06-12 14:41:57.120000+00:00,0,2026-06-12 14:42:07+00:00,0.295,-0.06,0.285,v3_quick,pistol_end,2026-06-12 14:42:07+00:00,0.295,-0.06,,"{-2: 0.0050000000000000044, -1: -0.04999999999999999, 0: -0.06, 1: -0.07, 2: -0.07999999999999996}",-0.09,-0.08184749999999999,-0.09,-0.08184749999999999
hltv-2394976-108879,hltv_2394976_108879_natus_vincere_vs_legacy_m1_inferno,de_inferno,relaxed,Legacy,b,prematch,2026-06-12 14:38:05+00:00,0.355,0.4173953866076666,-1.1051305858453466,b,b,False,0.4675292002311051,2026-06-12 14:41:57.120000+00:00,0,2026-06-12 14:42:07+00:00,0.295,-0.06,0.285,v3_quick,pistol_end,2026-06-12 14:42:07+00:00,0.295,-0.06,,"{-2: 0.0050000000000000044, -1: -0.04999999999999999, 0: -0.06, 1: -0.07, 2: -0.07999999999999996}",-0.09,-0.08184749999999999,-0.09,-0.08184749999999999
hltv-2394975-108882,hltv_2394975_108882_falcons_vs_betboom_m1_nuke,de_nuke,relaxed,Team Falcons,a,prematch,2026-06-12 15:18:04+00:00,0.74,0.5810530376449773,-0.8012093081522695,b,a,False,0.4776519365960182,2026-06-12 15:21:04.879999999+00:00,10,2026-06-12 15:22:18+00:00,0.665,-0.07499999999999996,0.6725000000000001,v3_quick,pistol_end,2026-06-12 15:22:18+00:00,0.665,-0.07499999999999996,,"{-2: 0.015000000000000013, -1: -0.03500000000000003, 0: -0.07499999999999996, 1: -0.07499999999999996, 2: -0.0050000000000000044}",-0.10499999999999995,-0.09575874999999995,-0.10499999999999995,-0.09575874999999995
hltv-2394978-108889,hltv_2394978_108889_vitality_vs_9z_m1_inferno,de_inferno,strict,Vitality,a,prematch,2026-06-12 17:04:04+00:00,0.975,0.737213619771824,1.4523491477441273,a,a,True,0.6487027852252328,2026-06-12 17:07:21.110000+00:00,21,2026-06-12 17:08:03+00:00,0.925,-0.04999999999999993,0.915,v3_win_pop,pistol_end,2026-06-12 17:08:03+00:00,0.925,-0.04999999999999993,,"{-2: 0.0, -1: -0.010000000000000009, 0: -0.04999999999999993, 1: -0.06499999999999995, 2: -0.05999999999999994}",-0.07999999999999993,-0.05468749999999993,-0.07999999999999993,-0.05468749999999993
hltv-2394978-108889,hltv_2394978_108889_vitality_vs_9z_m1_inferno,de_inferno,relaxed,Vitality,a,prematch,2026-06-12 17:04:04+00:00,0.975,0.737213619771824,1.4523491477441273,a,a,True,0.6487027852252328,2026-06-12 17:07:21.110000+00:00,21,2026-06-12 17:08:03+00:00,0.925,-0.04999999999999993,0.915,v3_win_pop,pistol_end,2026-06-12 17:08:03+00:00,0.925,-0.04999999999999993,,"{-2: 0.0, -1: -0.010000000000000009, 0: -0.04999999999999993, 1: -0.06499999999999995, 2: -0.05999999999999994}",-0.07999999999999993,-0.05468749999999993,-0.07999999999999993,-0.05468749999999993
hltv-2394979-108913,hltv_2394979_108913_natus_vincere_vs_the_mongolz_m1_nuke,de_nuke,strict,Natus Vincere,a,prematch,2026-06-13 08:57:04+00:00,0.595,0.58811923844253,0.44062409221547477,a,a,False,0.5070889563323723,2026-06-13 09:00:50.880000+00:00,-1,2026-06-13 09:01:04+00:00,0.665,0.07000000000000006,0.545,v3_quick,pistol_end,2026-06-13 09:01:04+00:00,0.665,0.07000000000000006,,"{-2: 0.0, -1: 0.010000000000000009, 0: 0.07000000000000006, 1: -0.04999999999999993, 2: -0.07499999999999996}",0.04000000000000006,0.04681250000000006,0.04000000000000006,0.04681250000000006
hltv-2394979-108913,hltv_2394979_108913_natus_vincere_vs_the_mongolz_m1_nuke,de_nuke,relaxed,Natus Vincere,a,prematch,2026-06-13 08:57:04+00:00,0.595,0.58811923844253,0.44062409221547477,a,a,False,0.5070889563323723,2026-06-13 09:00:50.880000+00:00,-1,2026-06-13 09:01:04+00:00,0.665,0.07000000000000006,0.545,v3_quick,pistol_end,2026-06-13 09:01:04+00:00,0.665,0.07000000000000006,,"{-2: 0.0, -1: 0.010000000000000009, 0: 0.07000000000000006, 1: -0.04999999999999993, 2: -0.07499999999999996}",0.04000000000000006,0.04681250000000006,0.04000000000000006,0.04681250000000006
hltv-2394980-108910,hltv_2394980_108910_b8_vs_fut_m1_dust2,de_dust2,relaxed,B8,a,prematch,2026-06-13 09:07:03+00:00,0.185,0.6661827988340634,-0.5680487944438014,b,a,False,0.49105730987954327,2026-06-13 09:10:14.880000+00:00,9,2026-06-13 09:11:04+00:00,0.175,-0.010000000000000009,0.175,v3_quick,pistol_end,2026-06-13 09:11:04+00:00,0.175,-0.010000000000000009,,"{-2: -0.065, -1: -0.04000000000000001, 0: -0.010000000000000009, 1: -0.014999999999999986, 2: 0.07}",-0.04000000000000001,-0.02475750000000001,-0.04000000000000001,-0.02475750000000001
hltv-2394982-108924,hltv_2394982_108924_falcons_vs_monte_m1_inferno,de_inferno,strict,Team Falcons,a,prematch,2026-06-13 12:26:04+00:00,0.6,0.7504349450347504,0.5129580553007234,a,a,False,0.49953453822294036,2026-06-13 12:29:31.170000+00:00,14,2026-06-13 12:30:04+00:00,0.67,0.07000000000000006,0.725,v3_quick,pistol_end,2026-06-13 12:30:04+00:00,0.67,0.07000000000000006,,"{-2: -0.0050000000000000044, -1: 0.07000000000000006, 0: 0.07000000000000006, 1: 0.125, 2: 0.15000000000000002}",0.04000000000000006,0.04694500000000006,0.04000000000000006,0.04694500000000006
hltv-2394982-108924,hltv_2394982_108924_falcons_vs_monte_m1_inferno,de_inferno,relaxed,Team Falcons,a,prematch,2026-06-13 12:26:04+00:00,0.6,0.7504349450347504,0.5129580553007234,a,a,False,0.49953453822294036,2026-06-13 12:29:31.170000+00:00,14,2026-06-13 12:30:04+00:00,0.67,0.07000000000000006,0.725,v3_quick,pistol_end,2026-06-13 12:30:04+00:00,0.67,0.07000000000000006,,"{-2: -0.0050000000000000044, -1: 0.07000000000000006, 0: 0.07000000000000006, 1: 0.125, 2: 0.15000000000000002}",0.04000000000000006,0.04694500000000006,0.04000000000000006,0.04694500000000006
hltv-2394983-108931,hltv_2394983_108931_vitality_vs_mouz_m1_mirage,de_mirage,strict,Vitality,a,prematch,2026-06-13 14:30:05+00:00,0.665,0.6107303165076793,0.9941290752595009,a,a,True,0.6563600609110722,2026-06-13 14:33:23.390000+00:00,-3,2026-06-13 14:34:07+00:00,0.69,0.02499999999999991,0.69,v3_win_pop,pistol_end,2026-06-13 14:34:07+00:00,0.69,0.02499999999999991,,"{-2: 0.0, -1: 0.0, 0: 0.02499999999999991, 1: -0.015000000000000013, 2: 0.05999999999999994}",-0.005000000000000088,0.003166249999999912,-0.005000000000000088,0.003166249999999912
hltv-2394983-108931,hltv_2394983_108931_vitality_vs_mouz_m1_mirage,de_mirage,relaxed,Vitality,a,prematch,2026-06-13 14:30:05+00:00,0.665,0.6107303165076793,0.9941290752595009,a,a,True,0.6563600609110722,2026-06-13 14:33:23.390000+00:00,-3,2026-06-13 14:34:07+00:00,0.69,0.02499999999999991,0.69,v3_win_pop,pistol_end,2026-06-13 14:34:07+00:00,0.69,0.02499999999999991,,"{-2: 0.0, -1: 0.0, 0: 0.02499999999999991, 1: -0.015000000000000013, 2: 0.05999999999999994}",-0.005000000000000088,0.003166249999999912,-0.005000000000000088,0.003166249999999912
hltv-2394985-108937,hltv_2394985_108937_betboom_vs_furia_m1_overpass,de_overpass,relaxed,FURIA,a,prematch,2026-06-13 17:50:06+00:00,0.855,0.6767634172863809,-0.626930986175091,b,a,True,0.5501093129959047,2026-06-13 17:53:11.360000+00:00,8,2026-06-13 17:54:04+00:00,0.77,-0.08499999999999996,0.77,v3_win_pop,pistol_end,2026-06-13 17:54:04+00:00,0.77,-0.08499999999999996,,"{-2: -0.010000000000000009, -1: -0.010000000000000009, 0: -0.08499999999999996, 1: -0.10499999999999998, 2: -0.10499999999999998}",-0.11499999999999996,-0.10005374999999997,-0.11499999999999996,-0.10005374999999997
hltv-2394988-108960,hltv_2394988_108960_the_mongolz_vs_monte_m1_nuke,de_nuke,strict,TheMongolz,b,prematch,2026-06-14 11:57:05+00:00,0.595,0.3821806952877415,-0.8051018751307543,b,b,False,0.3920922066140169,2026-06-14 12:00:51.690000+00:00,0,2026-06-14 12:01:18+00:00,0.495,-0.09999999999999998,0.495,v3_quick,pistol_end,2026-06-14 12:01:18+00:00,0.495,-0.09999999999999998,,"{-2: 0.0, -1: 0.015000000000000013, 0: -0.09999999999999998, 1: -0.11499999999999999, 2: -0.030000000000000027}",-0.12999999999999998,-0.12454749999999998,-0.12999999999999998,-0.12454749999999998
hltv-2394988-108960,hltv_2394988_108960_the_mongolz_vs_monte_m1_nuke,de_nuke,relaxed,TheMongolz,b,prematch,2026-06-14 11:57:05+00:00,0.595,0.3821806952877415,-0.8051018751307543,b,b,False,0.3920922066140169,2026-06-14 12:00:51.690000+00:00,0,2026-06-14 12:01:18+00:00,0.495,-0.09999999999999998,0.495,v3_quick,pistol_end,2026-06-14 12:01:18+00:00,0.495,-0.09999999999999998,,"{-2: 0.0, -1: 0.015000000000000013, 0: -0.09999999999999998, 1: -0.11499999999999999, 2: -0.030000000000000027}",-0.12999999999999998,-0.12454749999999998,-0.12999999999999998,-0.12454749999999998
hltv-2394987-108961,hltv_2394987_108961_mouz_vs_fut_m1_ancient,de_ancient,relaxed,MOUZ,a,prematch,2026-06-14 11:57:05+00:00,0.495,0.563119225983628,-0.46336909973023765,b,a,False,0.41578511960636944,2026-06-14 12:00:53.940000+00:00,0,2026-06-14 12:01:18+00:00,0.425,-0.07,0.425,v3_quick,pistol_end,2026-06-14 12:01:18+00:00,0.425,-0.07,,"{-2: 0.0050000000000000044, -1: 0.0050000000000000044, 0: -0.07, 1: -0.07, 2: -0.14}",-0.1,-0.09471750000000001,-0.1,-0.09471750000000001
hltv-2394989-108968,hltv_2394989_108968_betboom_vs_vitality_m1_overpass,de_overpass,strict,Vitality,a,prematch,2026-06-14 15:48:04+00:00,0.835,0.6742555884474918,1.3963560022882826,a,a,True,0.46186936857508565,2026-06-14 15:51:55.830000+00:00,35,2026-06-14 15:52:03+00:00,0.785,-0.04999999999999993,0.765,v3_win_pop,pistol_end,2026-06-14 15:52:03+00:00,0.785,-0.04999999999999993,,"{-2: -0.020000000000000018, -1: -0.015000000000000013, 0: -0.04999999999999993, 1: -0.09499999999999997, 2: -0.06999999999999995}",-0.07999999999999993,-0.06532749999999993,-0.07999999999999993,-0.06532749999999993
hltv-2394989-108968,hltv_2394989_108968_betboom_vs_vitality_m1_overpass,de_overpass,relaxed,Vitality,a,prematch,2026-06-14 15:48:04+00:00,0.835,0.6742555884474918,1.3963560022882826,a,a,True,0.46186936857508565,2026-06-14 15:51:55.830000+00:00,35,2026-06-14 15:52:03+00:00,0.785,-0.04999999999999993,0.765,v3_win_pop,pistol_end,2026-06-14 15:52:03+00:00,0.785,-0.04999999999999993,,"{-2: -0.020000000000000018, -1: -0.015000000000000013, 0: -0.04999999999999993, 1: -0.09499999999999997, 2: -0.06999999999999995}",-0.07999999999999993,-0.06532749999999993,-0.07999999999999993,-0.06532749999999993
hltv-2394993-108984,hltv_2394993_108984_9z_vs_the_mongolz_m1_inferno,de_inferno,relaxed,9z,a,prematch,2026-06-15 11:58:04+00:00,0.415,0.5765177996189277,-0.5378530169857116,b,a,False,0.49161826447924595,2026-06-15 12:01:54.770000+00:00,1,2026-06-15 12:02:04+00:00,0.295,-0.12,0.295,v3_quick,pistol_end,2026-06-15 12:02:04+00:00,0.295,-0.12,,"{-2: -0.009999999999999953, -1: -0.019999999999999962, 0: -0.12, 1: -0.07999999999999996, 2: -0.12}",-0.15,-0.14253749999999998,-0.15,-0.14253749999999998
hltv-2394994-108988,hltv_2394994_108988_betboom_vs_fut_m1_mirage,de_mirage,relaxed,BetBoom Team,a,prematch,2026-06-15 14:27:03+00:00,0.415,0.5718077995946307,-0.2836819467175962,b,a,True,0.49771901708518135,2026-06-15 14:30:38.920000+00:00,0,2026-06-15 14:31:04+00:00,0.495,0.08000000000000002,0.49,v3_win_pop,pistol_end,2026-06-15 14:31:04+00:00,0.495,0.08000000000000002,,"{-2: 0.0, -1: -0.014999999999999958, 0: 0.08000000000000002, 1: 0.07500000000000001, 2: -0.09999999999999998}",0.05000000000000002,0.055362500000000016,0.05000000000000002,0.055362500000000016
hltv-2396020-109915,hltv_2396020_109915_faze_vs_spirit_m1_dust2,de_dust2,relaxed,FaZe,a,prematch,2026-08-01 10:46:09+00:00,0.135,0.6128632739332598,-0.9480220682711197,b,a,True,0.3796429409701704,2026-08-01 10:50:06.750000+00:00,19,2026-08-01 10:50:08+00:00,0.095,-0.04000000000000001,0.145,v3_win_pop,pistol_end,2026-08-01 10:50:08+00:00,0.095,-0.04000000000000001,,"{-2: 0.0, -1: -0.04000000000000001, 0: -0.04000000000000001, 1: 0.009999999999999981, 2: 0.014999999999999986}",-0.07,-0.05013750000000001,-0.07,-0.05013750000000001
hltv-2396019-109924,hltv_2396019_109924_astralis_vs_mouz_m1_ancient,de_ancient,relaxed,Astralis,a,prematch,2026-08-01 14:21:08+00:00,0.59,0.6011501467509072,-0.19422860321019322,b,a,True,0.5142474863538271,2026-08-01 14:24:36.770000+00:00,13,2026-08-01 14:25:11+00:00,0.57,-0.020000000000000018,0.585,v3_win_pop,pistol_end,2026-08-01 14:25:11+00:00,0.57,-0.020000000000000018,,"{-2: 0.0, -1: -0.03499999999999992, 0: -0.020000000000000018, 1: -0.0050000000000000044, 2: 0.0050000000000000044}",-0.05000000000000002,-0.044350000000000014,-0.05000000000000002,-0.044350000000000014
hltv-2396021-109950,hltv_2396021_109950_spirit_vs_mouz_m1_dust2,de_dust2,strict,Spirit,b,prematch,2026-08-02 10:31:10+00:00,0.65,0.3940849512113269,-1.8547067673549207,b,b,False,0.40776095178077965,2026-08-02 10:34:50.310000+00:00,4,2026-08-02 10:35:09+00:00,0.615,-0.03500000000000003,0.505,v3_quick,pistol_end,2026-08-02 10:35:09+00:00,0.615,-0.03500000000000003,,"{-2: -0.015000000000000013, -1: -0.025000000000000022, 0: -0.03500000000000003, 1: -0.14500000000000002, 2: -0.185}",-0.06500000000000003,-0.05821375000000003,-0.06500000000000003,-0.05821375000000003
hltv-2396021-109950,hltv_2396021_109950_spirit_vs_mouz_m1_dust2,de_dust2,relaxed,Spirit,b,prematch,2026-08-02 10:31:10+00:00,0.65,0.3940849512113269,-1.8547067673549207,b,b,False,0.40776095178077965,2026-08-02 10:34:50.310000+00:00,4,2026-08-02 10:35:09+00:00,0.615,-0.03500000000000003,0.505,v3_quick,pistol_end,2026-08-02 10:35:09+00:00,0.615,-0.03500000000000003,,"{-2: -0.015000000000000013, -1: -0.025000000000000022, 0: -0.03500000000000003, 1: -0.14500000000000002, 2: -0.185}",-0.06500000000000003,-0.05821375000000003,-0.06500000000000003,-0.05821375000000003
hltv-2396576-110245,hltv_2396576_110245_big_vs_g2_m1_cache,de_cache,relaxed,BIG,a,prematch,2026-08-13 13:21:07+00:00,0.535,0.5911684227754072,-0.7175865368047386,b,a,True,0.5350120237584225,2026-08-13 13:24:32.640000+00:00,3,2026-08-13 13:25:11+00:00,0.355,-0.18000000000000005,0.35,v3_win_pop,pistol_end,2026-08-13 13:25:11+00:00,0.355,-0.18000000000000005,,"{-2: -0.14, -1: -0.15000000000000002, 0: -0.18000000000000005, 1: -0.18500000000000005, 2: -0.2}",-0.21000000000000005,-0.20388750000000005,-0.21000000000000005,-0.20388750000000005
hltv-2396578-110242,hltv_2396578_110242_aurora_vs_m80_m1_dust2,de_dust2,strict,Aurora Gaming,a,prematch,2026-08-13 13:55:12+00:00,0.675,0.7383312186134384,0.3738496884792839,a,a,False,0.45516465828384006,2026-08-13 13:59:02.440000+00:00,-2,2026-08-13 13:59:11+00:00,0.595,-0.08000000000000007,0.595,v3_quick,pistol_end,2026-08-13 13:59:11+00:00,0.595,-0.08000000000000007,,"{-2: 0.010000000000000009, -1: 0.0, 0: -0.08000000000000007, 1: -0.08500000000000008, 2: 0.039999999999999925}",-0.11000000000000007,-0.10301750000000007,-0.11000000000000007,-0.10301750000000007
hltv-2396578-110242,hltv_2396578_110242_aurora_vs_m80_m1_dust2,de_dust2,relaxed,Aurora Gaming,a,prematch,2026-08-13 13:55:12+00:00,0.675,0.7383312186134384,0.3738496884792839,a,a,False,0.45516465828384006,2026-08-13 13:59:02.440000+00:00,-2,2026-08-13 13:59:11+00:00,0.595,-0.08000000000000007,0.595,v3_quick,pistol_end,2026-08-13 13:59:11+00:00,0.595,-0.08000000000000007,,"{-2: 0.010000000000000009, -1: 0.0, 0: -0.08000000000000007, 1: -0.08500000000000008, 2: 0.039999999999999925}",-0.11000000000000007,-0.10301750000000007,-0.11000000000000007,-0.10301750000000007
hltv-2396583-110274,hltv_2396583_110274_b8_vs_vitality_m1_mirage,de_mirage,strict,Vitality,a,prematch,2026-08-14 13:27:08+00:00,0.775,0.6867842888095267,1.886988112607883,a,a,True,0.583454580023813,2026-08-14 13:30:41.800000+00:00,-1,2026-08-14 13:31:11+00:00,0.825,0.04999999999999993,0.825,v3_win_pop,pistol_end,2026-08-14 13:31:11+00:00,0.825,0.04999999999999993,,"{-2: 0.06499999999999995, -1: 0.039999999999999925, 0: 0.04999999999999993, 1: 0.06999999999999995, 2: -0.040000000000000036}",0.019999999999999934,0.034062499999999926,0.019999999999999934,0.034062499999999926
hltv-2396583-110274,hltv_2396583_110274_b8_vs_vitality_m1_mirage,de_mirage,relaxed,Vitality,a,prematch,2026-08-14 13:27:08+00:00,0.775,0.6867842888095267,1.886988112607883,a,a,True,0.583454580023813,2026-08-14 13:30:41.800000+00:00,-1,2026-08-14 13:31:11+00:00,0.825,0.04999999999999993,0.825,v3_win_pop,pistol_end,2026-08-14 13:31:11+00:00,0.825,0.04999999999999993,,"{-2: 0.06499999999999995, -1: 0.039999999999999925, 0: 0.04999999999999993, 1: 0.06999999999999995, 2: -0.040000000000000036}",0.019999999999999934,0.034062499999999926,0.019999999999999934,0.034062499999999926
hltv-2396587-110300,hltv_2396587_110300_the_mongolz_vs_natus_vincere_m1_inferno,de_inferno,strict,Natus Vincere,a,prematch,2026-08-15 10:56:18+00:00,0.635,0.5505883789412312,0.8144289610444401,a,a,False,0.7212284159207992,2026-08-15 10:59:56.480000+00:00,-2,2026-08-15 11:00:14+00:00,0.525,-0.10999999999999999,0.615,v3_hold,r3_end,2026-08-15 11:05:09+00:00,0.65,0.015000000000000013,False,"{-2: -0.010000000000000009, -1: -0.020000000000000018, 0: -0.10999999999999999, 1: -0.020000000000000018, 2: -0.020000000000000018}",-0.13999999999999999,-0.1340575,-0.014999999999999986,-0.007963749999999985
hltv-2396587-110300,hltv_2396587_110300_the_mongolz_vs_natus_vincere_m1_inferno,de_inferno,relaxed,Natus Vincere,a,prematch,2026-08-15 10:56:18+00:00,0.635,0.5505883789412312,0.8144289610444401,a,a,False,0.7212284159207992,2026-08-15 10:59:56.480000+00:00,-2,2026-08-15 11:00:14+00:00,0.525,-0.10999999999999999,0.615,v3_hold,r3_end,2026-08-15 11:05:09+00:00,0.65,0.015000000000000013,False,"{-2: -0.010000000000000009, -1: -0.020000000000000018, 0: -0.10999999999999999, 1: -0.020000000000000018, 2: -0.020000000000000018}",-0.13999999999999999,-0.1340575,-0.014999999999999986,-0.007963749999999985
hltv-2396591-110320,hltv_2396591_110320_spirit_vs_big_m1_cache,de_cache,relaxed,BIG,a,prematch,2026-08-15 18:09:10+00:00,0.265,0.5766913916268532,-1.5828258984761139,b,a,True,0.21578302634287763,2026-08-15 18:12:52.640000+00:00,12,2026-08-15 18:13:10+00:00,0.365,0.09999999999999998,0.445,v3_win_pop,pistol_end,2026-08-15 18:13:10+00:00,0.365,0.09999999999999998,,"{-2: 0.010000000000000009, -1: 0.019999999999999962, 0: 0.09999999999999998, 1: 0.18, 2: 0.19}",0.06999999999999998,0.07867249999999998,0.06999999999999998,0.07867249999999998
hltv-2396595-110336,hltv_2396595_110336_mouz_vs_parivision_m1_dust2,de_dust2,relaxed,MOUZ,b,prematch,2026-08-16 13:20:07+00:00,0.65,0.4479382212577724,0.5058835883542235,a,b,True,0.6637317250275834,2026-08-16 13:23:18.860000+00:00,2,2026-08-16 13:24:10+00:00,0.73,0.07999999999999996,0.745,v3_win_pop,pistol_end,2026-08-16 13:24:10+00:00,0.73,0.07999999999999996,,"{-2: 0.04999999999999993, -1: 0.04999999999999993, 0: 0.07999999999999996, 1: 0.10999999999999999, 2: 0.10999999999999999}",0.04999999999999996,0.05876999999999996,0.04999999999999996,0.05876999999999996
hltv-2396597-110342,hltv_2396597_110342_magic_vs_9z_m1_ancient,de_ancient,strict,9z,a,prematch,2026-08-16 13:36:13+00:00,0.545,0.588593072204102,0.5929886124125059,a,a,False,0.5178382675285905,2026-08-16 13:39:49.530000+00:00,9,2026-08-16 13:40:27+00:00,0.515,-0.030000000000000027,0.52,v3_quick,pistol_end,2026-08-16 13:40:27+00:00,0.515,-0.030000000000000027,,"{-2: 0.0050000000000000044, -1: 0.015000000000000013, 0: -0.030000000000000027, 1: -0.025000000000000022, 2: 0.02499999999999991}",-0.060000000000000026,-0.05488750000000003,-0.060000000000000026,-0.05488750000000003
hltv-2396597-110342,hltv_2396597_110342_magic_vs_9z_m1_ancient,de_ancient,relaxed,9z,a,prematch,2026-08-16 13:36:13+00:00,0.545,0.588593072204102,0.5929886124125059,a,a,False,0.5178382675285905,2026-08-16 13:39:49.530000+00:00,9,2026-08-16 13:40:27+00:00,0.515,-0.030000000000000027,0.52,v3_quick,pistol_end,2026-08-16 13:40:27+00:00,0.515,-0.030000000000000027,,"{-2: 0.0050000000000000044, -1: 0.015000000000000013, 0: -0.030000000000000027, 1: -0.025000000000000022, 2: 0.02499999999999991}",-0.060000000000000026,-0.05488750000000003,-0.060000000000000026,-0.05488750000000003
hltv-2396601-110410,hltv_2396601_110410_fut_vs_magic_m1_ancient,de_ancient,strict,FUT Esports,a,prematch,2026-08-19 14:20:13+00:00,0.575,0.7534304042654663,0.41455340071905034,a,a,False,0.4786395751640678,2026-08-19 14:24:06.470000+00:00,3,2026-08-19 14:24:13+00:00,0.53,-0.04499999999999993,0.495,v3_quick,pistol_end,2026-08-19 14:24:13+00:00,0.53,-0.04499999999999993,,"{-2: 0.0, -1: 0.0, 0: -0.04499999999999993, 1: -0.07999999999999996, 2: -0.08999999999999997}",-0.07499999999999993,-0.06967374999999992,-0.07499999999999993,-0.06967374999999992
hltv-2396601-110410,hltv_2396601_110410_fut_vs_magic_m1_ancient,de_ancient,relaxed,FUT Esports,a,prematch,2026-08-19 14:20:13+00:00,0.575,0.7534304042654663,0.41455340071905034,a,a,False,0.4786395751640678,2026-08-19 14:24:06.470000+00:00,3,2026-08-19 14:24:13+00:00,0.53,-0.04499999999999993,0.495,v3_quick,pistol_end,2026-08-19 14:24:13+00:00,0.53,-0.04499999999999993,,"{-2: 0.0, -1: 0.0, 0: -0.04499999999999993, 1: -0.07999999999999996, 2: -0.08999999999999997}",-0.07499999999999993,-0.06967374999999992,-0.07499999999999993,-0.06967374999999992
hltv-2396603-110424,hltv_2396603_110424_natus_vincere_vs_legacy_m1_inferno,de_inferno,strict,Natus Vincere,a,prematch,2026-08-20 11:03:10+00:00,0.535,0.6645817377825057,0.3310404348803287,a,a,False,0.5858576798638264,2026-08-20 11:06:23.390000+00:00,5,2026-08-20 11:07:11+00:00,0.445,-0.09000000000000002,0.435,v3_hold,r3_end,2026-08-20 11:11:21+00:00,0.335,-0.2,False,"{-2: -0.010000000000000009, -1: -0.020000000000000018, 0: -0.09000000000000002, 1: -0.10000000000000003, 2: -0.195}",-0.12000000000000002,-0.11478750000000003,-0.23,-0.2235775
hltv-2396603-110424,hltv_2396603_110424_natus_vincere_vs_legacy_m1_inferno,de_inferno,relaxed,Natus Vincere,a,prematch,2026-08-20 11:03:10+00:00,0.535,0.6645817377825057,0.3310404348803287,a,a,False,0.5858576798638264,2026-08-20 11:06:23.390000+00:00,5,2026-08-20 11:07:11+00:00,0.445,-0.09000000000000002,0.435,v3_hold,r3_end,2026-08-20 11:11:21+00:00,0.335,-0.2,False,"{-2: -0.010000000000000009, -1: -0.020000000000000018, 0: -0.09000000000000002, 1: -0.10000000000000003, 2: -0.195}",-0.12000000000000002,-0.11478750000000003,-0.23,-0.2235775
hltv-2396606-110429,hltv_2396606_110429_b8_vs_spirit_m1_dust2,de_dust2,strict,Spirit,a,prematch,2026-08-20 13:31:18+00:00,0.69,0.5768636332358824,1.0419971857229324,a,a,True,0.5901887016024837,2026-08-20 13:34:56.660000+00:00,3,2026-08-20 13:35:11+00:00,0.84,0.15000000000000002,0.86,v3_win_pop,pistol_end,2026-08-20 13:35:11+00:00,0.84,0.15000000000000002,,"{-2: 0.1150000000000001, -1: 0.15500000000000003, 0: 0.15000000000000002, 1: 0.17000000000000004, 2: 0.17000000000000004}",0.12000000000000002,0.132585,0.12000000000000002,0.132585
hltv-2396606-110429,hltv_2396606_110429_b8_vs_spirit_m1_dust2,de_dust2,relaxed,Spirit,a,prematch,2026-08-20 13:31:18+00:00,0.69,0.5768636332358824,1.0419971857229324,a,a,True,0.5901887016024837,2026-08-20 13:34:56.660000+00:00,3,2026-08-20 13:35:11+00:00,0.84,0.15000000000000002,0.86,v3_win_pop,pistol_end,2026-08-20 13:35:11+00:00,0.84,0.15000000000000002,,"{-2: 0.1150000000000001, -1: 0.15500000000000003, 0: 0.15000000000000002, 1: 0.17000000000000004, 2: 0.17000000000000004}",0.12000000000000002,0.132585,0.12000000000000002,0.132585
hltv-2396605-110428,hltv_2396605_110428_faze_vs_vitality_m1_dust2,de_dust2,strict,Vitality,a,prematch,2026-08-20 13:46:16+00:00,0.825,0.6359039769912119,1.2276094565616358,a,a,True,0.7198336867293507,2026-08-20 13:49:34.670000+00:00,23,2026-08-20 13:50:15+00:00,0.875,0.050000000000000044,0.815,v3_win_pop,pistol_end,2026-08-20 13:50:15+00:00,0.875,0.050000000000000044,,"{-2: 0.030000000000000027, -1: 0.050000000000000044, 0: 0.050000000000000044, 1: -0.010000000000000009, 2: -0.05999999999999994}",0.020000000000000046,0.03731250000000004,0.020000000000000046,0.03731250000000004
hltv-2396605-110428,hltv_2396605_110428_faze_vs_vitality_m1_dust2,de_dust2,relaxed,Vitality,a,prematch,2026-08-20 13:46:16+00:00,0.825,0.6359039769912119,1.2276094565616358,a,a,True,0.7198336867293507,2026-08-20 13:49:34.670000+00:00,23,2026-08-20 13:50:15+00:00,0.875,0.050000000000000044,0.815,v3_win_pop,pistol_end,2026-08-20 13:50:15+00:00,0.875,0.050000000000000044,,"{-2: 0.030000000000000027, -1: 0.050000000000000044, 0: 0.050000000000000044, 1: -0.010000000000000009, 2: -0.05999999999999994}",0.020000000000000046,0.03731250000000004,0.020000000000000046,0.03731250000000004
hltv-2396609-110456,hltv_2396609_110456_legacy_vs_falcons_m1_mirage,de_mirage,relaxed,Team Falcons,a,prematch,2026-08-21 13:48:14+00:00,0.645,0.5718205257837461,-0.6546005340399065,b,a,False,0.5647835438147647,2026-08-21 13:52:03.620000+00:00,-4,2026-08-21 13:52:09+00:00,0.605,-0.040000000000000036,0.605,v3_hold,r3_end,2026-08-21 13:54:12+00:00,0.535,-0.10999999999999999,False,"{-2: -0.010000000000000009, -1: -0.010000000000000009, 0: -0.040000000000000036, 1: -0.020000000000000018, 2: -0.10999999999999999}",-0.07000000000000003,-0.06339750000000004,-0.13999999999999999,-0.1338875
hltv-2396610-110462,hltv_2396610_110462_vitality_vs_spirit_m1_anubis,de_anubis,strict,Vitality,a,prematch,2026-08-21 16:39:14+00:00,0.475,0.5617064197658057,0.39080319902244726,a,a,False,0.6849975841023356,2026-08-21 16:42:25.090000+00:00,11,2026-08-21 16:43:14+00:00,0.475,0.0,0.535,v3_hold,r3_end,2026-08-21 16:45:15+00:00,0.565,0.08999999999999997,False,"{-2: -0.12, -1: 0.040000000000000036, 0: 0.0, 1: 0.06000000000000005, 2: 0.08999999999999997}",-0.03,-0.0249375,0.05999999999999997,0.06524249999999997
hltv-2396610-110462,hltv_2396610_110462_vitality_vs_spirit_m1_anubis,de_anubis,relaxed,Vitality,a,prematch,2026-08-21 16:39:14+00:00,0.475,0.5617064197658057,0.39080319902244726,a,a,False,0.6849975841023356,2026-08-21 16:42:25.090000+00:00,11,2026-08-21 16:43:14+00:00,0.475,0.0,0.535,v3_hold,r3_end,2026-08-21 16:45:15+00:00,0.565,0.08999999999999997,False,"{-2: -0.12, -1: 0.040000000000000036, 0: 0.0, 1: 0.06000000000000005, 2: 0.08999999999999997}",-0.03,-0.0249375,0.05999999999999997,0.06524249999999997
