event_id,round_num,streak_team,fade_team,kill_count,event_start_ts,decision_ts,entry_quote_ts,reaction_mid_change,reaction_threshold,triggered,entry_ask,timing_basis,horizon_seconds,exit_quote_ts,exit_bid,gross_pnl,net_pnl
10,11,MOUZ,NRG,2,1789640480.708,1789640483.669,1789640485.800617,0.0,0.03,False,0.45,source_update_version,15.0,1789640502.2434037,0.41,-0.040000000000000036,-0.06447000000000004
10,11,MOUZ,NRG,2,1789640480.708,1789640483.669,1789640485.800617,0.0,0.03,False,0.45,source_update_version,30.0,1789640517.993616,0.4,-0.04999999999999999,-0.074375
10,11,MOUZ,NRG,2,1789640480.708,1789640483.669,1789640485.800617,0.0,0.03,False,0.45,source_update_version,60.0,1789640545.8079052,0.36,-0.09000000000000002,-0.11389500000000002
10,11,MOUZ,NRG,2,1789640480.708,1789640483.669,1789640485.800617,0.0,0.03,False,0.45,source_update_version,120.0,1789640618.9986804,0.37,-0.08000000000000002,-0.10403000000000001
11,12,MOUZ,NRG,2,1789640538.822,1789640540.884,1789640544.2810133,0.0050000000000000044,0.03,False,0.39,source_update_version,15.0,1789640561.242704,0.35,-0.040000000000000036,-0.06327000000000003
11,12,MOUZ,NRG,2,1789640538.822,1789640540.884,1789640544.2810133,0.0050000000000000044,0.03,False,0.39,source_update_version,30.0,1789640574.66065,0.34,-0.04999999999999999,-0.07311499999999999
11,12,MOUZ,NRG,2,1789640538.822,1789640540.884,1789640544.2810133,0.0050000000000000044,0.03,False,0.39,source_update_version,60.0,1789640618.9986804,0.37,-0.020000000000000018,-0.04355000000000002
11,12,MOUZ,NRG,2,1789640538.822,1789640540.884,1789640544.2810133,0.0050000000000000044,0.03,False,0.39,source_update_version,120.0,1789640666.9340346,0.34,-0.04999999999999999,-0.07311499999999999
12,12,MOUZ,NRG,3,1789640560.139,1789640561.992,1789640565.1049936,0.010000000000000009,0.03,False,0.37,source_update_version,15.0,1789640580.5325098,0.38,0.010000000000000009,-0.013434999999999992
12,12,MOUZ,NRG,3,1789640560.139,1789640561.992,1789640565.1049936,0.010000000000000009,0.03,False,0.37,source_update_version,30.0,1789640618.9986804,0.37,0.0,-0.023309999999999997
12,12,MOUZ,NRG,3,1789640560.139,1789640561.992,1789640565.1049936,0.010000000000000009,0.03,False,0.37,source_update_version,60.0,1789640654.0349522,0.35,-0.020000000000000018,-0.04303000000000001
12,12,MOUZ,NRG,3,1789640560.139,1789640561.992,1789640565.1049936,0.010000000000000009,0.03,False,0.37,source_update_version,120.0,1789640686.9999895,0.41,0.03999999999999998,0.01624999999999998
13,13,NRG,MOUZ,2,1789640717.412,1789640717.677,1789640720.0105124,0.010000000000000009,0.03,False,0.47,source_update_version,15.0,1789640742.006699,0.46,-0.009999999999999953,-0.034874999999999955
13,13,NRG,MOUZ,2,1789640717.412,1789640717.677,1789640720.0105124,0.010000000000000009,0.03,False,0.47,source_update_version,30.0,1789640751.102483,0.46,-0.009999999999999953,-0.034874999999999955
13,13,NRG,MOUZ,2,1789640717.412,1789640717.677,1789640720.0105124,0.010000000000000009,0.03,False,0.47,source_update_version,60.0,1789640796.9979947,0.41,-0.06,-0.08454999999999999
13,13,NRG,MOUZ,2,1789640717.412,1789640717.677,1789640720.0105124,0.010000000000000009,0.03,False,0.47,source_update_version,120.0,1789640841.8653173,0.35,-0.12,-0.14382999999999999
14,13,NRG,MOUZ,2,1789640719.383,1789640720.448,1789640722.8879647,0.050000000000000044,0.03,True,0.47,source_update_version,15.0,1789640742.006699,0.46,-0.009999999999999953,-0.034874999999999955
14,13,NRG,MOUZ,2,1789640719.383,1789640720.448,1789640722.8879647,0.050000000000000044,0.03,True,0.47,source_update_version,30.0,1789640754.9940686,0.44,-0.02999999999999997,-0.054774999999999976
14,13,NRG,MOUZ,2,1789640719.383,1789640720.448,1789640722.8879647,0.050000000000000044,0.03,True,0.47,source_update_version,60.0,1789640796.9979947,0.41,-0.06,-0.08454999999999999
14,13,NRG,MOUZ,2,1789640719.383,1789640720.448,1789640722.8879647,0.050000000000000044,0.03,True,0.47,source_update_version,120.0,1789640852.0026495,0.34,-0.12999999999999995,-0.15367499999999995
15,14,MOUZ,NRG,2,1789640839.876,1789640844.932,1789640852.0026495,-0.010000000000000009,0.03,False,0.66,source_update_version,15.0,1789640867.1498725,0.65,-0.010000000000000009,-0.03259500000000001
15,14,MOUZ,NRG,2,1789640839.876,1789640844.932,1789640852.0026495,-0.010000000000000009,0.03,False,0.66,source_update_version,30.0,1789640897.996521,0.65,-0.010000000000000009,-0.03259500000000001
15,14,MOUZ,NRG,2,1789640839.876,1789640844.932,1789640852.0026495,-0.010000000000000009,0.03,False,0.66,source_update_version,60.0,1789640912.2140057,0.67,0.010000000000000009,-0.012274999999999989
15,14,MOUZ,NRG,2,1789640839.876,1789640844.932,1789640852.0026495,-0.010000000000000009,0.03,False,0.66,source_update_version,120.0,1789640974.8480568,0.73,0.06999999999999995,0.048924999999999955
16,14,NRG,MOUZ,3,1789640846.971,1789640847.933,1789640852.0026495,0.010000000000000009,0.03,False,0.35,source_update_version,15.0,1789640867.1498725,0.33,-0.019999999999999962,-0.042429999999999954
16,14,NRG,MOUZ,3,1789640846.971,1789640847.933,1789640852.0026495,0.010000000000000009,0.03,False,0.35,source_update_version,30.0,1789640897.996521,0.33,-0.019999999999999962,-0.042429999999999954
16,14,NRG,MOUZ,3,1789640846.971,1789640847.933,1789640852.0026495,0.010000000000000009,0.03,False,0.35,source_update_version,60.0,1789640912.2140057,0.3,-0.04999999999999999,-0.07187499999999998
16,14,NRG,MOUZ,3,1789640846.971,1789640847.933,1789640852.0026495,0.010000000000000009,0.03,False,0.35,source_update_version,120.0,1789640974.8480568,0.25,-0.09999999999999998,-0.12074999999999997
17,15,NRG,MOUZ,2,1789640955.224,1789640957.422,1789640960.430703,0.019999999999999907,0.03,False,0.31,source_update_version,15.0,1789640975.9998214,0.25,-0.06,-0.08007
17,15,NRG,MOUZ,2,1789640955.224,1789640957.422,1789640960.430703,0.019999999999999907,0.03,False,0.31,source_update_version,30.0,1789640992.6429026,0.25,-0.06,-0.08007
17,15,NRG,MOUZ,2,1789640955.224,1789640957.422,1789640960.430703,0.019999999999999907,0.03,False,0.31,source_update_version,60.0,1789641020.562148,0.24,-0.07,-0.089815
17,15,NRG,MOUZ,2,1789640955.224,1789640957.422,1789640960.430703,0.019999999999999907,0.03,False,0.31,source_update_version,120.0,1789641091.994243,0.13,-0.18,-0.19635
18,15,NRG,MOUZ,3,1789640960.285,1789640967.354,1789640969.4039166,0.039999999999999925,0.03,True,0.29,source_update_version,15.0,1789640992.6429026,0.25,-0.03999999999999998,-0.05966999999999998
18,15,NRG,MOUZ,3,1789640960.285,1789640967.354,1789640969.4039166,0.039999999999999925,0.03,True,0.29,source_update_version,30.0,1789641000.0216084,0.23,-0.05999999999999997,-0.07914999999999997
18,15,NRG,MOUZ,3,1789640960.285,1789640967.354,1789640969.4039166,0.039999999999999925,0.03,True,0.29,source_update_version,60.0,1789641029.7666397,0.23,-0.05999999999999997,-0.07914999999999997
18,15,NRG,MOUZ,3,1789640960.285,1789640967.354,1789640969.4039166,0.039999999999999925,0.03,True,0.29,source_update_version,120.0,1789641091.994243,0.13,-0.15999999999999998,-0.17594999999999997
19,16,NRG,MOUZ,2,1789641094.742,1789641098.676,1789641104.9950278,0.015000000000000013,0.03,False,0.14,source_update_version,15.0,1789641120.8933918,0.13,-0.010000000000000009,-0.02167500000000001
19,16,NRG,MOUZ,2,1789641094.742,1789641098.676,1789641104.9950278,0.015000000000000013,0.03,False,0.14,source_update_version,30.0,1789641135.9953048,0.12,-0.020000000000000018,-0.03130000000000002
19,16,NRG,MOUZ,2,1789641094.742,1789641098.676,1789641104.9950278,0.015000000000000013,0.03,False,0.14,source_update_version,60.0,1789641186.86063,0.12,-0.020000000000000018,-0.03130000000000002
19,16,NRG,MOUZ,2,1789641094.742,1789641098.676,1789641104.9950278,0.015000000000000013,0.03,False,0.14,source_update_version,120.0,1789641236.9967964,0.08,-0.06000000000000001,-0.06970000000000001
20,17,NRG,MOUZ,2,1789641226.52,1789641227.606,1789641236.9967964,0.015000000000000013,0.03,False,0.12,source_update_version,15.0,1789641252.2776349,0.12,0.0,-0.01056
20,17,NRG,MOUZ,2,1789641226.52,1789641227.606,1789641236.9967964,0.015000000000000013,0.03,False,0.12,source_update_version,30.0,1789641269.7476933,0.14,0.020000000000000018,0.008700000000000017
20,17,NRG,MOUZ,2,1789641226.52,1789641227.606,1789641236.9967964,0.015000000000000013,0.03,False,0.12,source_update_version,60.0,1789641297.120187,0.13,0.010000000000000009,-0.0009349999999999914
20,17,NRG,MOUZ,2,1789641226.52,1789641227.606,1789641236.9967964,0.015000000000000013,0.03,False,0.12,source_update_version,120.0,1789641360.0239995,0.15,0.03,0.018345
21,17,NRG,MOUZ,3,1789641234.431,1789641245.852,1789641248.1187685,0.030000000000000027,0.03,True,0.09,source_update_version,15.0,1789641269.7476933,0.14,0.05000000000000002,0.03988500000000002
21,17,NRG,MOUZ,3,1789641234.431,1789641245.852,1789641248.1187685,0.030000000000000027,0.03,True,0.09,source_update_version,30.0,1789641279.3169668,0.16,0.07,0.059185
21,17,NRG,MOUZ,3,1789641234.431,1789641245.852,1789641248.1187685,0.030000000000000027,0.03,True,0.09,source_update_version,60.0,1789641308.1796546,0.14,0.05000000000000002,0.03988500000000002
21,17,NRG,MOUZ,3,1789641234.431,1789641245.852,1789641248.1187685,0.030000000000000027,0.03,True,0.09,source_update_version,120.0,1789641370.2643769,0.15,0.06,0.04953
22,18,MOUZ,NRG,3,1789641282.04,1789641286.915,1789641288.9955945,-0.014999999999999986,0.03,False,0.87,source_update_version,15.0,1789641304.3636594,0.84,-0.030000000000000027,-0.04237500000000003
22,18,MOUZ,NRG,3,1789641282.04,1789641286.915,1789641288.9955945,-0.014999999999999986,0.03,False,0.87,source_update_version,30.0,1789641319.4676013,0.81,-0.05999999999999994,-0.07334999999999993
22,18,MOUZ,NRG,3,1789641282.04,1789641286.915,1789641288.9955945,-0.014999999999999986,0.03,False,0.87,source_update_version,60.0,1789641349.9565363,0.82,-0.050000000000000044,-0.06303500000000005
22,18,MOUZ,NRG,3,1789641282.04,1789641286.915,1789641288.9955945,-0.014999999999999986,0.03,False,0.87,source_update_version,120.0,1789641414.9948242,0.66,-0.20999999999999996,-0.22687499999999997
23,19,MOUZ,NRG,2,1789641404.993,1789641411.152,1789641414.9948242,0.0,0.03,False,0.69,source_update_version,15.0,1789641430.6174676,0.63,-0.05999999999999994,-0.08234999999999994
23,19,MOUZ,NRG,2,1789641404.993,1789641411.152,1789641414.9948242,0.0,0.03,False,0.69,source_update_version,30.0,1789641455.9952357,0.64,-0.04999999999999993,-0.07221499999999993
23,19,MOUZ,NRG,2,1789641404.993,1789641411.152,1789641414.9948242,0.0,0.03,False,0.69,source_update_version,60.0,1789641484.0928926,0.61,-0.07999999999999996,-0.10258999999999996
23,19,MOUZ,NRG,2,1789641404.993,1789641411.152,1789641414.9948242,0.0,0.03,False,0.69,source_update_version,120.0,1789641552.2893586,0.6,-0.08999999999999997,-0.11269499999999996
24,19,NRG,MOUZ,2,1789641416.199,1789641418.31,1789641420.990703,-0.025000000000000022,0.03,False,0.36,source_update_version,15.0,1789641436.1832576,0.33,-0.02999999999999997,-0.05257499999999997
24,19,NRG,MOUZ,2,1789641416.199,1789641418.31,1789641420.990703,-0.025000000000000022,0.03,False,0.36,source_update_version,30.0,1789641455.9952357,0.34,-0.019999999999999962,-0.042739999999999966
24,19,NRG,MOUZ,2,1789641416.199,1789641418.31,1789641420.990703,-0.025000000000000022,0.03,False,0.36,source_update_version,60.0,1789641484.0928926,0.37,0.010000000000000009,-0.013174999999999989
24,19,NRG,MOUZ,2,1789641416.199,1789641418.31,1789641420.990703,-0.025000000000000022,0.03,False,0.36,source_update_version,120.0,1789641552.2893586,0.37,0.010000000000000009,-0.013174999999999989
25,19,MOUZ,NRG,2,1789641419.023,1789641421.183,1789641428.9925957,0.03999999999999998,0.03,True,0.64,source_update_version,15.0,1789641455.9952357,0.64,0.0,-0.023039999999999998
25,19,MOUZ,NRG,2,1789641419.023,1789641421.183,1789641428.9925957,0.03999999999999998,0.03,True,0.64,source_update_version,30.0,1789641460.1855166,0.62,-0.020000000000000018,-0.04330000000000002
25,19,MOUZ,NRG,2,1789641419.023,1789641421.183,1789641428.9925957,0.03999999999999998,0.03,True,0.64,source_update_version,60.0,1789641493.3514867,0.61,-0.030000000000000027,-0.05341500000000003
25,19,MOUZ,NRG,2,1789641419.023,1789641421.183,1789641428.9925957,0.03999999999999998,0.03,True,0.64,source_update_version,120.0,1789641552.2893586,0.6,-0.040000000000000036,-0.06352000000000003
26,20,MOUZ,NRG,2,1789641536.289,1789641541.329,1789641552.2893586,-0.010000000000000009,0.03,False,0.63,source_update_version,15.0,1789641567.4814343,0.62,-0.010000000000000009,-0.033435000000000006
26,20,MOUZ,NRG,2,1789641536.289,1789641541.329,1789641552.2893586,-0.010000000000000009,0.03,False,0.63,source_update_version,30.0,1789641585.8346624,0.62,-0.010000000000000009,-0.033435000000000006
26,20,MOUZ,NRG,2,1789641536.289,1789641541.329,1789641552.2893586,-0.010000000000000009,0.03,False,0.63,source_update_version,60.0,1789641612.6090662,0.59,-0.040000000000000036,-0.06375000000000003
26,20,MOUZ,NRG,2,1789641536.289,1789641541.329,1789641552.2893586,-0.010000000000000009,0.03,False,0.63,source_update_version,120.0,1789641678.9925811,0.53,-0.09999999999999998,-0.12410999999999997
27,22,MOUZ,NRG,2,1789641802.489,1789641806.336,1789641808.373506,0.03500000000000003,0.03,True,0.36,source_update_version,15.0,1789641826.9978375,0.34,-0.019999999999999962,-0.042739999999999966
27,22,MOUZ,NRG,2,1789641802.489,1789641806.336,1789641808.373506,0.03500000000000003,0.03,True,0.36,source_update_version,30.0,1789641845.0102458,0.35,-0.010000000000000009,-0.03289500000000001
27,22,MOUZ,NRG,2,1789641802.489,1789641806.336,1789641808.373506,0.03500000000000003,0.03,True,0.36,source_update_version,60.0,1789641868.491287,0.43,0.07,0.046225
27,22,MOUZ,NRG,2,1789641802.489,1789641806.336,1789641808.373506,0.03500000000000003,0.03,True,0.36,source_update_version,120.0,1789641928.4086194,0.61,0.25,0.226585
28,23,NRG,MOUZ,2,1789641908.827,1789641910.06,1789641914.5588706,-0.0050000000000000044,0.03,False,0.37,source_update_version,15.0,1789641931.4256454,0.36,-0.010000000000000009,-0.03317500000000001
28,23,NRG,MOUZ,2,1789641908.827,1789641910.06,1789641914.5588706,-0.0050000000000000044,0.03,False,0.37,source_update_version,30.0,1789641945.7887626,0.32,-0.04999999999999999,-0.07253499999999999
28,23,NRG,MOUZ,2,1789641908.827,1789641910.06,1789641914.5588706,-0.0050000000000000044,0.03,False,0.37,source_update_version,60.0,1789641974.8924403,0.35,-0.020000000000000018,-0.04303000000000001
28,23,NRG,MOUZ,2,1789641908.827,1789641910.06,1789641914.5588706,-0.0050000000000000044,0.03,False,0.37,source_update_version,120.0,1789642034.5880554,0.36,-0.010000000000000009,-0.03317500000000001
30,24,MOUZ,NRG,2,1789642118.488,1789642118.718,1789642122.4050817,0.0,0.03,False,1.0,source_update_version,15.0,1789642141.0712512,0.99,-0.010000000000000009,-0.01049500000000001
30,24,MOUZ,NRG,2,1789642118.488,1789642118.718,1789642122.4050817,0.0,0.03,False,1.0,source_update_version,30.0,1789642157.1084576,0.99,-0.010000000000000009,-0.01049500000000001
30,24,MOUZ,NRG,2,1789642118.488,1789642118.718,1789642122.4050817,0.0,0.03,False,1.0,source_update_version,60.0,1789642184.051847,0.99,-0.010000000000000009,-0.01049500000000001
30,24,MOUZ,NRG,2,1789642118.488,1789642118.718,1789642122.4050817,0.0,0.03,False,1.0,source_update_version,120.0,1789642242.97269,0.999,-0.0010000000000000009,-0.0010499500000000009
