session,market,side,n_updates,gap_max,depth_min,gross,net_after_slip,actionable
manual-1044299-omc2398104,0x28688284,bid,1,0.01,59.99,0.6,0.0,False
manual-1044299-omc2398104,0x28688284,ask,1,0.01,707.0,7.07,0.0,False
manual-1044299-omc2398104,0x28688284,bid,1,0.04,20.0,0.8,0.6,False
manual-1044299-omc2398104,0x28688284,ask,1,0.01,10.0,0.1,0.0,False
manual-1044299-omc2398104,0x28688284,ask,1,0.02,5.0,0.1,0.05,False
manual-1044299-omc2398104,0x28688284,ask,1,0.01,132.95,1.33,0.0,False
manual-1044299-omc2398104,0x28688284,ask,1,0.01,231.84,2.32,0.0,False
manual-1044299-omc2398104,0x28688284,ask,1,0.01,56.47,0.56,0.0,False
manual-1044299-omc2398104,0x28688284,ask,1,0.02,24.99,0.5,0.25,False
manual-1044299-omc2398104,0x28688284,bid,1,0.02,93.0,1.86,0.93,False
manual-1044299-omc2398104,0x28688284,bid,1,0.01,5.97,0.06,0.0,False
manual-1044299-omc2398104,0x28688284,bid,1,0.01,10.5,0.11,0.0,False
manual-1044299-omc2398104,0x28688284,bid,1,0.01,289.76,2.9,0.0,False
manual-1044299-omc2398104,0x28688284,ask,1,0.01,123.94,1.24,0.0,False
manual-1044299-omc2398104,0x28688284,bid,1,0.04,26.7,1.07,0.8,False
manual-1044299-omc2398104,0x28688284,bid,1,0.01,10.0,0.1,0.0,False
manual-1044299-omc2398104,0x28688284,ask,1,0.01,5.0,0.05,0.0,False
manual-1044299-omc2398104,0x28688284,bid,1,0.02,33.73,0.67,0.34,False
manual-1044299-omc2398104,0x28688284,bid,1,0.01,17.0,0.17,0.0,False
manual-1044299-omc2398104,0x28688284,bid,1,0.02,6.98,0.14,0.07,False
manual-1044299-omc2398104,0x28688284,bid,1,0.01,44.97,0.45,0.0,False
manual-1044299-omc2398104,0x28688284,ask,1,0.01,20.0,0.2,0.0,False
manual-1044299-omc2398104,0x28688284,bid,1,0.01,58.56,0.59,0.0,False
manual-1044299-omc2398104,0x28688284,bid,1,0.03,23.65,0.71,0.47,False
manual-1044299-omc2398104,0x28688284,bid,1,0.01,8.76,0.09,0.0,False
manual-1044299-omc2398104,0x28688284,ask,1,0.05,24.99,1.25,1.0,False
manual-1044299-omc2398104,0x28688284,bid,1,0.03,127.99,3.84,2.56,False
manual-1044299-omc2398104,0x28688284,bid,1,0.01,6.0,0.06,0.0,False
manual-1044299-omc2398104,0x28688284,bid,1,0.01,47.5,0.48,0.0,False
manual-1044299-omc2398104,0x28688284,bid,1,0.02,11.51,0.23,0.12,False
manual-1044299-omc2398104,0x28688284,bid,56,0.019,0.0,0.0,0.0,False
manual-1044737-omc2398103,0xa76c8add,bid,79,0.419,0.0,0.0,0.0,False
manual-1044738-omc2398105,0x492f0784,bid,1,0.02,8.26,0.17,0.08,False
manual-1044738-omc2398105,0x492f0784,ask,1,0.01,100.0,1.0,0.0,False
manual-1044738-omc2398105,0x492f0784,ask,1,0.01,1516.58,15.17,0.0,False
manual-1044738-omc2398105,0x492f0784,bid,1,0.01,171.06,1.71,0.0,False
manual-1044738-omc2398105,0x492f0784,bid,1,0.01,8.97,0.09,0.0,False
manual-1044738-omc2398105,0x492f0784,ask,1,0.01,97.96,0.98,0.0,False
manual-1044738-omc2398105,0x492f0784,ask,1,0.01,1172.21,11.72,0.0,False
manual-1044738-omc2398105,0x492f0784,bid,1,0.01,9.11,0.09,0.0,False
manual-1044738-omc2398105,0xd4054b54,bid,1,0.01,247.08,2.47,0.0,False
manual-1044738-omc2398105,0xd4054b54,bid,1,0.03,5.82,0.17,0.12,False
manual-1044738-omc2398105,0xd4054b54,bid,1,0.01,13.17,0.13,0.0,False
manual-1044738-omc2398105,0xd4054b54,ask,1,0.02,38.83,0.78,0.39,False
manual-1044738-omc2398105,0xd4054b54,bid,1,0.01,77.15,0.77,0.0,False
manual-1044738-omc2398105,0xd4054b54,ask,1,0.01,92.82,0.93,0.0,False
manual-1044738-omc2398105,0xd4054b54,bid,1,0.01,74.24,0.74,0.0,False
manual-1044738-omc2398105,0xd4054b54,bid,1,0.01,10.0,0.1,0.0,False
manual-1044738-omc2398105,0xd4054b54,ask,1,0.01,116.53,1.17,0.0,False
manual-1044738-omc2398105,0xd4054b54,ask,1,0.01,67.01,0.67,0.0,False
manual-1044738-omc2398105,0xd4054b54,ask,1,0.02,8.07,0.16,0.08,False
manual-1044738-omc2398105,0xd4054b54,ask,1,0.01,86.39,0.86,0.0,False
manual-1044738-omc2398105,0xd4054b54,bid,114,0.129,0.0,0.0,0.0,False
manual-1049948-omc2398107,0x886ea102,ask,1,0.03,219.91,6.6,4.4,False
manual-1049948-omc2398107,0x886ea102,ask,1,0.01,110.44,1.1,0.0,False
manual-1049948-omc2398107,0x886ea102,ask,1,0.02,147.68,2.95,1.48,False
manual-1049948-omc2398107,0x886ea102,bid,1,0.03,105.25,3.16,2.11,False
manual-1049948-omc2398107,0x886ea102,bid,1,0.03,346.61,10.4,6.93,False
manual-1049948-omc2398107,0x886ea102,ask,1,0.01,724.0,7.24,0.0,False
manual-1049948-omc2398107,0x886ea102,bid,1,0.06,94.5,5.67,4.73,False
manual-1049948-omc2398107,0x886ea102,bid,1,0.02,23.5,0.47,0.24,False
manual-1049948-omc2398107,0x886ea102,bid,1,0.01,194.61,1.95,0.0,False
manual-1049948-omc2398107,0x886ea102,bid,1,0.01,301.2,3.01,0.0,False
manual-1049948-omc2398107,0x886ea102,bid,1,0.01,86.23,0.86,0.0,False
manual-1049948-omc2398107,0x886ea102,bid,1,0.01,298.12,2.98,0.0,False
manual-1049948-omc2398107,0x886ea102,ask,1,0.01,6581.22,65.81,0.0,False
manual-1049948-omc2398107,0x76b863b5,ask,1,0.01,180.0,1.8,0.0,False
manual-1049948-omc2398107,0x76b863b5,bid,1,0.01,10.71,0.11,0.0,False
manual-1049948-omc2398107,0x76b863b5,bid,1,0.01,55.29,0.55,0.0,False
manual-1049948-omc2398107,0x76b863b5,bid,1,0.01,528.82,5.29,0.0,False
manual-1049948-omc2398107,0x76b863b5,bid,1,0.02,14.68,0.29,0.15,False
manual-1049948-omc2398107,0x76b863b5,ask,1,0.02,325.56,6.51,3.26,False
manual-1049948-omc2398107,0x76b863b5,ask,1,0.01,30.0,0.3,0.0,False
manual-1049948-omc2398107,0x76b863b5,bid,1,0.01,150.0,1.5,0.0,False
manual-1049948-omc2398107,0x76b863b5,ask,1,0.01,55.57,0.56,0.0,False
manual-1049948-omc2398107,0x76b863b5,bid,1,0.01,144.1,1.44,0.0,False
manual-1049948-omc2398107,0x76b863b5,ask,1,0.03,34.95,1.05,0.7,False
manual-1049948-omc2398107,0x76b863b5,ask,1,0.01,21.53,0.22,0.0,False
manual-1049948-omc2398107,0x76b863b5,bid,1,0.01,142.0,1.42,0.0,False
manual-1049948-omc2398107,0x76b863b5,bid,1,0.01,2.5,0.03,0.0,False
manual-1049948-omc2398107,0x76b863b5,bid,1,0.04,213.89,8.56,6.42,False
manual-1049948-omc2398107,0x76b863b5,bid,1,0.01,796.01,7.96,0.0,False
manual-1049948-omc2398107,0x76b863b5,ask,1,0.01,10.0,0.1,0.0,False
manual-1049948-omc2398107,0x76b863b5,bid,1,0.02,75.0,1.5,0.75,False
manual-1049948-omc2398107,0x76b863b5,bid,1,0.03,40.0,1.2,0.8,False
manual-1049948-omc2398107,0x76b863b5,bid,1,0.03,3.0,0.09,0.06,False
manual-1049948-omc2398107,0x76b863b5,bid,1,0.01,10.0,0.1,0.0,False
manual-1049948-omc2398107,0x76b863b5,bid,124,0.019,0.0,0.0,0.0,False
manual-1053479-omc2398108,0x6b52d1dd,bid,1,0.01,234.84,2.35,0.0,False
manual-1053479-omc2398108,0x6b52d1dd,ask,1,0.02,86.35,1.73,0.86,False
manual-1053479-omc2398108,0x6b52d1dd,bid,1,0.01,2.83,0.03,0.0,False
manual-1053479-omc2398108,0x6b52d1dd,ask,1,0.03,265.25,7.96,5.31,False
manual-1053479-omc2398108,0x6b52d1dd,bid,1,0.01,44.54,0.45,0.0,False
manual-1053479-omc2398108,0x6b52d1dd,ask,1,0.01,16.98,0.17,0.0,False
manual-1053479-omc2398108,0x6b52d1dd,bid,1,0.01,13.17,0.13,0.0,False
manual-1053479-omc2398108,0x6b52d1dd,ask,1,0.01,64.0,0.64,0.0,False
manual-1053479-omc2398108,0x6b52d1dd,ask,1,0.01,120.0,1.2,0.0,False
manual-1053479-omc2398108,0x6b52d1dd,ask,1,0.01,10.0,0.1,0.0,False
manual-1053479-omc2398108,0x6b52d1dd,ask,1,0.01,119.43,1.19,0.0,False
manual-1053479-omc2398108,0x6b52d1dd,bid,1,0.04,25.0,1.0,0.75,False
manual-1053479-omc2398108,0x6b52d1dd,ask,1,0.01,44.38,0.44,0.0,False
manual-1053479-omc2398108,0x191de95e,bid,1,0.01,13.16,0.13,0.0,False
manual-1053479-omc2398108,0x191de95e,bid,1,0.01,25.65,0.26,0.0,False
manual-1053479-omc2398108,0x191de95e,bid,1,0.02,303.03,6.06,3.03,False
manual-1053479-omc2398108,0x191de95e,ask,1,0.01,170.0,1.7,0.0,False
manual-1053479-omc2398108,0x191de95e,ask,1,0.01,31.0,0.31,0.0,False
manual-1053479-omc2398108,0x191de95e,bid,1,0.02,50.0,1.0,0.5,False
manual-1053479-omc2398108,0x191de95e,ask,1,0.01,18.67,0.19,0.0,False
manual-1053479-omc2398108,0x191de95e,ask,1,0.02,5.99,0.12,0.06,False
manual-1053479-omc2398108,0x191de95e,bid,1,0.01,50.63,0.51,0.0,False
manual-1053479-omc2398108,0x191de95e,ask,1,0.01,98.34,0.98,0.0,False
manual-1053479-omc2398108,0x191de95e,ask,1,0.01,239.0,2.39,0.0,False
manual-1053479-omc2398108,0x191de95e,bid,1,0.05,50.0,2.5,2.0,False
manual-1053479-omc2398108,0x191de95e,ask,1,0.02,6006.58,120.13,60.07,False
manual-1053479-omc2398108,0x191de95e,ask,1,0.01,165.71,1.66,0.0,False
manual-1053479-omc2398108,0x191de95e,ask,1,0.01,1031.0,10.31,0.0,False
manual-1053479-omc2398108,0x191de95e,ask,1,0.01,120.0,1.2,0.0,False
manual-1053479-omc2398108,0x191de95e,ask,1,0.01,202.09,2.02,0.0,False
manual-1053479-omc2398108,0x191de95e,ask,1,0.03,114.15,3.42,2.28,False
manual-1053479-omc2398108,0x191de95e,bid,184,0.119,0.0,0.0,0.0,False
manual-1053479-omc2398108,0x528f855a,bid,1,0.02,150.0,3.0,1.5,False
manual-1053479-omc2398108,0x528f855a,ask,1,0.03,871.08,26.13,17.42,False
manual-1053479-omc2398108,0x528f855a,bid,1,0.01,70.0,0.7,0.0,False
manual-1053479-omc2398108,0x528f855a,bid,1,0.01,10.0,0.1,0.0,False
manual-1053479-omc2398108,0x528f855a,ask,1,0.01,236.0,2.36,0.0,False
manual-1053479-omc2398108,0x528f855a,bid,1,0.04,75.35,3.01,2.26,False
manual-1053479-omc2398108,0x528f855a,bid,1,0.01,110.01,1.1,0.0,False
manual-1053479-omc2398108,0x528f855a,ask,1,0.03,64.25,1.93,1.29,False
manual-1053479-omc2398108,0x528f855a,ask,1,0.01,89.93,0.9,0.0,False
manual-1053479-omc2398108,0x528f855a,ask,1,0.01,32.31,0.32,0.0,False
manual-1053479-omc2398108,0x528f855a,bid,1,0.01,1036.44,10.36,0.0,False
manual-1053479-omc2398108,0x74f464b6,bid,1,0.01,9.09,0.09,0.0,False
manual-1053479-omc2398108,0x74f464b6,bid,1,0.01,57.55,0.58,0.0,False
manual-1053479-omc2398108,0x74f464b6,bid,1,0.01,54.0,0.54,0.0,False
manual-1053479-omc2398108,0x74f464b6,bid,1,0.01,44.0,0.44,0.0,False
manual-1053479-omc2398108,0x74f464b6,ask,1,0.01,94.0,0.94,0.0,False
manual-1053479-omc2398108,0x74f464b6,ask,1,0.01,336.61,3.37,0.0,False
