t,bid_x,bid_sz_x,ask_x,ask_sz_x,bid_y,bid_sz_y,ask_y,ask_sz_y,ask_sum,bid_sum,ask_profit,bid_profit,viol,persist
2026-09-20 15:59:45.070214+00:00,0.25,1684.62,0.26,1316.0,0.76,13.16,0.77,164.56,1.03,1.01,0.0,0.1316000000000001,True,1
2026-09-20 16:06:59.068512+00:00,0.29,25.65,0.31,10.0,0.72,50.0,0.76,131.36,1.07,1.01,0.0,0.25650000000000023,True,1
2026-09-20 16:12:31.070741+00:00,0.29,2408.5,0.31,20.0,0.73,303.03,0.76,615.17,1.07,1.02,0.0,6.060600000000004,True,1
2026-09-20 16:14:32.069932+00:00,0.36,1835.63,0.37,753.11,0.61,1950.31,0.62,170.0,0.99,0.97,1.7000000000000015,0.0,True,1
2026-09-20 16:15:38.073453+00:00,0.31,50.0,0.33,14453.97,0.65,5354.71,0.66,31.0,0.99,0.96,0.3100000000000003,0.0,True,1
2026-09-20 16:15:53.110831+00:00,0.35,50.0,0.38,213.84,0.67,135.48,0.7,259.37,1.08,1.02,0.0,1.0000000000000009,True,1
2026-09-20 16:22:19.073430+00:00,0.47,1886.84,0.48,18.67,0.49,1015.0,0.51,152.92,0.99,0.96,0.18670000000000017,0.0,True,1
2026-09-20 16:23:01.072795+00:00,0.41,3079.71,0.45,10.0,0.5,9593.44,0.53,5.99,0.98,0.9099999999999999,0.11980000000000011,0.0,True,1
2026-09-20 16:28:48.064646+00:00,0.66,50.63,0.67,23.15,0.35,498.37,0.36,45.0,1.03,1.01,0.0,0.5063000000000005,True,1
2026-09-20 16:31:32.064917+00:00,0.73,78.6,0.74,206.42,0.24,5185.6,0.25,98.34,0.99,0.97,0.9834000000000009,0.0,True,1
2026-09-20 16:36:53.064761+00:00,0.75,414.62,0.77,239.0,0.19,2614.0,0.22,282.76,0.99,0.94,2.3900000000000023,0.0,True,1
2026-09-20 16:38:53.062627+00:00,0.79,141.0,0.86,50.0,0.26,50.0,0.27,10202.89,1.13,1.05,0.0,2.500000000000002,True,1
2026-09-20 16:39:16.065962+00:00,0.86,192.83,0.88,6666.12,0.08,370.0,0.1,6006.58,0.98,0.94,120.1316000000001,0.0,True,1
2026-09-20 16:41:15.067742+00:00,0.92,211.87,0.93,165.71,0.05,208.92,0.06,5173.53,0.99,0.9700000000000001,1.6571000000000016,0.0,True,1
2026-09-20 16:41:43.060718+00:00,0.88,183.32,0.9,1031.0,0.08,841.0,0.09,9471.42,0.99,0.96,10.31000000000001,0.0,True,1
2026-09-20 16:43:27.062501+00:00,0.79,191.0,0.83,120.0,0.14,1455.65,0.16,209.99,0.99,0.93,1.200000000000001,0.0,True,1
2026-09-20 16:43:45.066256+00:00,0.79,60.0,0.8,1225.32,0.17,115.57,0.19,202.09,0.99,0.9600000000000001,2.020900000000002,0.0,True,1
2026-09-20 16:47:50.061716+00:00,0.75,60.0,0.77,114.15,0.11,44.5,0.2,120.0,0.97,0.86,3.424500000000003,0.0,True,1
2026-09-20 16:51:56.069199+00:00,0.99,7853.9,0.88,0.0,0.12,20.35,0.19,681.15,1.07,1.1099999999999999,0.0,2.2384999999999975,True,184
2026-09-20 16:51:56.069710+00:00,0.99,7853.9,0.88,0.0,0.12,0.0,0.01,7853.9,0.89,1.1099999999999999,0.0,0.0,True,183
2026-09-20 16:52:05.066935+00:00,0.99,124761.83,0.88,0.0,0.12,0.0,0.01,124761.83,0.89,1.1099999999999999,0.0,0.0,True,182
2026-09-20 16:52:08.077506+00:00,0.99,124758.96,0.88,0.0,0.12,0.0,0.01,124761.83,0.89,1.1099999999999999,0.0,0.0,True,181
2026-09-20 16:52:08.078017+00:00,0.99,124758.96,0.88,0.0,0.12,0.0,0.01,124758.96,0.89,1.1099999999999999,0.0,0.0,True,180
2026-09-20 16:52:08.107255+00:00,0.99,124756.09,0.88,0.0,0.12,0.0,0.01,124758.96,0.89,1.1099999999999999,0.0,0.0,True,179
2026-09-20 16:52:08.107767+00:00,0.99,124756.09,0.88,0.0,0.12,0.0,0.01,124756.09,0.89,1.1099999999999999,0.0,0.0,True,178
2026-09-20 16:52:11.071128+00:00,0.99,124432.05,0.88,0.0,0.12,0.0,0.01,124756.09,0.89,1.1099999999999999,0.0,0.0,True,177
2026-09-20 16:52:11.071634+00:00,0.99,124432.05,0.88,0.0,0.12,0.0,0.01,124432.05,0.89,1.1099999999999999,0.0,0.0,True,176
2026-09-20 16:52:11.075209+00:00,0.99,124159.63,0.88,0.0,0.12,0.0,0.01,124432.05,0.89,1.1099999999999999,0.0,0.0,True,175
2026-09-20 16:52:11.075724+00:00,0.99,124159.63,0.88,0.0,0.12,0.0,0.01,124159.63,0.89,1.1099999999999999,0.0,0.0,True,174
2026-09-20 16:52:12.083829+00:00,0.99,123742.97,0.88,0.0,0.12,0.0,0.01,124159.63,0.89,1.1099999999999999,0.0,0.0,True,173
2026-09-20 16:52:12.084341+00:00,0.99,123742.97,0.88,0.0,0.12,0.0,0.01,123742.97,0.89,1.1099999999999999,0.0,0.0,True,172
2026-09-20 16:52:14.070554+00:00,0.99,144470.33,0.88,0.0,0.12,0.0,0.01,123742.97,0.89,1.1099999999999999,0.0,0.0,True,171
2026-09-20 16:52:14.071061+00:00,0.99,144470.33,0.88,0.0,0.12,0.0,0.01,144470.33,0.89,1.1099999999999999,0.0,0.0,True,170
2026-09-20 16:52:20.068623+00:00,0.99,144458.85,0.88,0.0,0.12,0.0,0.01,144470.33,0.89,1.1099999999999999,0.0,0.0,True,169
2026-09-20 16:52:20.069137+00:00,0.99,144458.85,0.88,0.0,0.12,0.0,0.01,144458.85,0.89,1.1099999999999999,0.0,0.0,True,168
2026-09-20 16:52:53.126412+00:00,0.99,164226.23,0.88,0.0,0.12,0.0,0.01,164226.23,0.89,1.1099999999999999,0.0,0.0,True,167
2026-09-20 16:52:54.124327+00:00,0.99,164205.02,0.88,0.0,0.12,0.0,0.01,164205.02,0.89,1.1099999999999999,0.0,0.0,True,166
2026-09-20 16:52:57.119325+00:00,0.99,164177.63,0.88,0.0,0.12,0.0,0.01,164205.02,0.89,1.1099999999999999,0.0,0.0,True,165
2026-09-20 16:52:57.119832+00:00,0.99,164177.63,0.88,0.0,0.12,0.0,0.01,164177.63,0.89,1.1099999999999999,0.0,0.0,True,164
2026-09-20 16:53:00.124721+00:00,0.99,164167.73,0.88,0.0,0.12,0.0,0.01,164177.63,0.89,1.1099999999999999,0.0,0.0,True,163
2026-09-20 16:53:00.125226+00:00,0.99,164167.73,0.88,0.0,0.12,0.0,0.01,164167.73,0.89,1.1099999999999999,0.0,0.0,True,162
2026-09-20 16:53:02.122159+00:00,0.99,164081.9,0.88,0.0,0.12,0.0,0.01,164081.9,0.89,1.1099999999999999,0.0,0.0,True,161
2026-09-20 16:53:03.086409+00:00,0.99,163931.9,0.88,0.0,0.12,0.0,0.01,164081.9,0.89,1.1099999999999999,0.0,0.0,True,160
2026-09-20 16:53:03.086914+00:00,0.99,163931.9,0.88,0.0,0.12,0.0,0.01,163931.9,0.89,1.1099999999999999,0.0,0.0,True,159
2026-09-20 16:53:03.111367+00:00,0.99,163761.9,0.88,0.0,0.12,0.0,0.01,163931.9,0.89,1.1099999999999999,0.0,0.0,True,158
2026-09-20 16:53:03.111870+00:00,0.99,163761.9,0.88,0.0,0.12,0.0,0.01,163761.9,0.89,1.1099999999999999,0.0,0.0,True,157
2026-09-20 16:53:06.196287+00:00,0.99,163747.2,0.88,0.0,0.12,0.0,0.01,163761.9,0.89,1.1099999999999999,0.0,0.0,True,156
2026-09-20 16:53:06.196793+00:00,0.99,163747.2,0.88,0.0,0.12,0.0,0.01,163747.2,0.89,1.1099999999999999,0.0,0.0,True,155
2026-09-20 16:53:08.135588+00:00,0.99,163592.04,0.88,0.0,0.12,0.0,0.01,163747.2,0.89,1.1099999999999999,0.0,0.0,True,154
2026-09-20 16:53:08.136098+00:00,0.99,163592.04,0.88,0.0,0.12,0.0,0.01,163592.04,0.89,1.1099999999999999,0.0,0.0,True,153
2026-09-20 16:53:13.145433+00:00,0.99,163465.42,0.88,0.0,0.12,0.0,0.01,163592.04,0.89,1.1099999999999999,0.0,0.0,True,152
2026-09-20 16:53:13.145940+00:00,0.99,163465.42,0.88,0.0,0.12,0.0,0.01,163465.42,0.89,1.1099999999999999,0.0,0.0,True,151
2026-09-20 16:53:20.125457+00:00,0.99,168443.86,0.88,0.0,0.12,0.0,0.01,168443.86,0.89,1.1099999999999999,0.0,0.0,True,150
2026-09-20 16:53:20.228868+00:00,0.99,168264.9,0.88,0.0,0.12,0.0,0.01,168264.9,0.89,1.1099999999999999,0.0,0.0,True,149
2026-09-20 16:53:21.119738+00:00,0.99,168225.5,0.88,0.0,0.12,0.0,0.01,168264.9,0.89,1.1099999999999999,0.0,0.0,True,148
2026-09-20 16:53:21.230718+00:00,0.99,168225.5,0.88,0.0,0.12,0.0,0.01,168225.5,0.89,1.1099999999999999,0.0,0.0,True,147
2026-09-20 16:53:31.083612+00:00,0.99,167966.5,0.88,0.0,0.12,0.0,0.01,168225.5,0.89,1.1099999999999999,0.0,0.0,True,146
2026-09-20 16:53:31.084120+00:00,0.99,167966.5,0.88,0.0,0.12,0.0,0.01,167966.5,0.89,1.1099999999999999,0.0,0.0,True,145
2026-09-20 16:53:33.152100+00:00,0.99,167866.5,0.88,0.0,0.12,0.0,0.01,167966.5,0.89,1.1099999999999999,0.0,0.0,True,144
2026-09-20 16:53:33.152605+00:00,0.99,167866.5,0.88,0.0,0.12,0.0,0.01,167866.5,0.89,1.1099999999999999,0.0,0.0,True,143
2026-09-20 16:53:41.090208+00:00,0.99,169090.5,0.88,0.0,0.12,0.0,0.01,167866.5,0.89,1.1099999999999999,0.0,0.0,True,142
2026-09-20 16:53:41.090715+00:00,0.99,169090.5,0.88,0.0,0.12,0.0,0.01,169090.5,0.89,1.1099999999999999,0.0,0.0,True,141
2026-09-20 16:53:48.125524+00:00,0.99,168894.61,0.88,0.0,0.12,0.0,0.01,169090.5,0.89,1.1099999999999999,0.0,0.0,True,140
2026-09-20 16:53:48.126030+00:00,0.99,168894.61,0.88,0.0,0.12,0.0,0.01,168894.61,0.89,1.1099999999999999,0.0,0.0,True,139
2026-09-20 16:53:53.090967+00:00,0.99,168794.61,0.88,0.0,0.12,0.0,0.01,168894.61,0.89,1.1099999999999999,0.0,0.0,True,138
2026-09-20 16:53:53.091476+00:00,0.99,168794.61,0.88,0.0,0.12,0.0,0.01,168794.61,0.89,1.1099999999999999,0.0,0.0,True,137
2026-09-20 16:53:58.194270+00:00,0.99,168785.99,0.88,0.0,0.12,0.0,0.01,168794.61,0.89,1.1099999999999999,0.0,0.0,True,136
2026-09-20 16:53:58.194780+00:00,0.99,168785.99,0.88,0.0,0.12,0.0,0.01,168785.99,0.89,1.1099999999999999,0.0,0.0,True,135
2026-09-20 16:54:06.135143+00:00,0.99,168744.39,0.88,0.0,0.12,0.0,0.01,168785.99,0.89,1.1099999999999999,0.0,0.0,True,134
2026-09-20 16:54:06.135652+00:00,0.99,168744.39,0.88,0.0,0.12,0.0,0.01,168744.39,0.89,1.1099999999999999,0.0,0.0,True,133
2026-09-20 16:54:23.127280+00:00,0.99,172451.73,0.88,0.0,0.12,0.0,0.01,172451.73,0.89,1.1099999999999999,0.0,0.0,True,132
2026-09-20 16:54:23.160856+00:00,0.99,172340.66,0.88,0.0,0.12,0.0,0.01,172451.73,0.89,1.1099999999999999,0.0,0.0,True,131
2026-09-20 16:54:23.161364+00:00,0.99,172340.66,0.88,0.0,0.12,0.0,0.01,172340.66,0.89,1.1099999999999999,0.0,0.0,True,130
2026-09-20 16:54:26.128422+00:00,0.99,172296.07,0.88,0.0,0.12,0.0,0.01,172340.66,0.89,1.1099999999999999,0.0,0.0,True,129
2026-09-20 16:54:26.129440+00:00,0.99,172296.07,0.88,0.0,0.12,0.0,0.01,172296.07,0.89,1.1099999999999999,0.0,0.0,True,128
2026-09-20 16:54:28.124002+00:00,0.99,172207.45,0.88,0.0,0.12,0.0,0.01,172296.07,0.89,1.1099999999999999,0.0,0.0,True,127
2026-09-20 16:54:28.124509+00:00,0.99,172207.45,0.88,0.0,0.12,0.0,0.01,172207.45,0.89,1.1099999999999999,0.0,0.0,True,126
2026-09-20 16:54:44.083570+00:00,0.99,172107.45,0.88,0.0,0.12,0.0,0.01,172207.45,0.89,1.1099999999999999,0.0,0.0,True,125
2026-09-20 16:54:44.084080+00:00,0.99,172107.45,0.88,0.0,0.12,0.0,0.01,172107.45,0.89,1.1099999999999999,0.0,0.0,True,124
2026-09-20 16:54:47.084253+00:00,0.99,172032.45,0.88,0.0,0.12,0.0,0.01,172032.45,0.89,1.1099999999999999,0.0,0.0,True,123
2026-09-20 16:55:51.122403+00:00,0.99,171914.91,0.88,0.0,0.12,0.0,0.01,172032.45,0.89,1.1099999999999999,0.0,0.0,True,122
2026-09-20 16:55:51.122914+00:00,0.99,171914.91,0.88,0.0,0.12,0.0,0.01,171914.91,0.89,1.1099999999999999,0.0,0.0,True,121
2026-09-20 16:56:06.123318+00:00,0.99,171714.91,0.88,0.0,0.12,0.0,0.01,171914.91,0.89,1.1099999999999999,0.0,0.0,True,120
2026-09-20 16:56:06.123825+00:00,0.99,171714.91,0.88,0.0,0.12,0.0,0.01,171714.91,0.89,1.1099999999999999,0.0,0.0,True,119
2026-09-20 16:56:38.426149+00:00,0.999,1208163.2,0.88,0.0,0.12,0.0,0.001,1208158.2,0.881,1.119,0.0,0.0,True,118
2026-09-20 16:56:45.120617+00:00,0.999,1250153.36,0.88,0.0,0.12,0.0,0.001,1208158.2,0.881,1.119,0.0,0.0,True,117
2026-09-20 16:56:45.121122+00:00,0.999,1250153.36,0.88,0.0,0.12,0.0,0.001,1250153.36,0.881,1.119,0.0,0.0,True,116
2026-09-20 16:56:45.179070+00:00,0.999,1250136.7,0.88,0.0,0.12,0.0,0.001,1250136.7,0.881,1.119,0.0,0.0,True,115
2026-09-20 16:56:45.236564+00:00,0.999,1249999.72,0.88,0.0,0.12,0.0,0.001,1250136.7,0.881,1.119,0.0,0.0,True,114
2026-09-20 16:56:45.237070+00:00,0.999,1249999.72,0.88,0.0,0.12,0.0,0.001,1249999.72,0.881,1.119,0.0,0.0,True,113
2026-09-20 16:56:49.701004+00:00,0.999,1249958.72,0.88,0.0,0.12,0.0,0.001,1249999.72,0.881,1.119,0.0,0.0,True,112
2026-09-20 16:56:49.702014+00:00,0.999,1249958.72,0.88,0.0,0.12,0.0,0.001,1249958.72,0.881,1.119,0.0,0.0,True,111
2026-09-20 16:56:50.712701+00:00,0.999,1249058.72,0.88,0.0,0.12,0.0,0.001,1249958.72,0.881,1.119,0.0,0.0,True,110
2026-09-20 16:56:50.713214+00:00,0.999,1249058.72,0.88,0.0,0.12,0.0,0.001,1249058.72,0.881,1.119,0.0,0.0,True,109
2026-09-20 16:56:51.547463+00:00,0.999,1248977.21,0.88,0.0,0.12,0.0,0.001,1249058.72,0.881,1.119,0.0,0.0,True,108
2026-09-20 16:56:51.547969+00:00,0.999,1248977.21,0.88,0.0,0.12,0.0,0.001,1248977.21,0.881,1.119,0.0,0.0,True,107
2026-09-20 16:56:52.163944+00:00,0.999,1248744.66,0.88,0.0,0.12,0.0,0.001,1248977.21,0.881,1.119,0.0,0.0,True,106
2026-09-20 16:56:52.164448+00:00,0.999,1248744.66,0.88,0.0,0.12,0.0,0.001,1248744.66,0.881,1.119,0.0,0.0,True,105
2026-09-20 16:56:52.822691+00:00,0.999,1243697.85,0.88,0.0,0.12,0.0,0.001,1248744.66,0.881,1.119,0.0,0.0,True,104
2026-09-20 16:56:52.823204+00:00,0.999,1243697.85,0.88,0.0,0.12,0.0,0.001,1243697.85,0.881,1.119,0.0,0.0,True,103
2026-09-20 16:56:53.955035+00:00,0.999,1243688.38,0.88,0.0,0.12,0.0,0.001,1243688.38,0.881,1.119,0.0,0.0,True,102
2026-09-20 16:56:54.920537+00:00,0.999,1239474.42,0.88,0.0,0.12,0.0,0.001,1243688.38,0.881,1.119,0.0,0.0,True,101
2026-09-20 16:56:54.921125+00:00,0.999,1239474.42,0.88,0.0,0.12,0.0,0.001,1239474.42,0.881,1.119,0.0,0.0,True,100
2026-09-20 16:56:55.447461+00:00,0.999,1239363.09,0.88,0.0,0.12,0.0,0.001,1239474.42,0.881,1.119,0.0,0.0,True,99
2026-09-20 16:56:55.447969+00:00,0.999,1239363.09,0.88,0.0,0.12,0.0,0.001,1239363.09,0.881,1.119,0.0,0.0,True,98
2026-09-20 16:56:56.447122+00:00,0.999,1238990.83,0.88,0.0,0.12,0.0,0.001,1239363.09,0.881,1.119,0.0,0.0,True,97
2026-09-20 16:56:56.447628+00:00,0.999,1238990.83,0.88,0.0,0.12,0.0,0.001,1238990.83,0.881,1.119,0.0,0.0,True,96
2026-09-20 16:57:04.084487+00:00,0.999,1249436.65,0.88,0.0,0.12,0.0,0.001,1238990.83,0.881,1.119,0.0,0.0,True,95
2026-09-20 16:57:04.084990+00:00,0.999,1249436.65,0.88,0.0,0.12,0.0,0.001,1249436.65,0.881,1.119,0.0,0.0,True,94
2026-09-20 16:57:07.124597+00:00,0.999,1249271.04,0.88,0.0,0.12,0.0,0.001,1249436.65,0.881,1.119,0.0,0.0,True,93
2026-09-20 16:57:07.125616+00:00,0.999,1249271.04,0.88,0.0,0.12,0.0,0.001,1249271.04,0.881,1.119,0.0,0.0,True,92
2026-09-20 16:57:09.082860+00:00,0.999,1247616.04,0.88,0.0,0.12,0.0,0.001,1249271.04,0.881,1.119,0.0,0.0,True,91
2026-09-20 16:57:09.083375+00:00,0.999,1247616.04,0.88,0.0,0.12,0.0,0.001,1247616.04,0.881,1.119,0.0,0.0,True,90
2026-09-20 16:57:15.118938+00:00,0.999,1245779.02,0.88,0.0,0.12,0.0,0.001,1247616.04,0.881,1.119,0.0,0.0,True,89
2026-09-20 16:57:15.119445+00:00,0.999,1245779.02,0.88,0.0,0.12,0.0,0.001,1245779.02,0.881,1.119,0.0,0.0,True,88
2026-09-20 16:57:21.202222+00:00,0.999,1245777.14,0.88,0.0,0.12,0.0,0.001,1245779.02,0.881,1.119,0.0,0.0,True,87
2026-09-20 16:57:21.203731+00:00,0.999,1245777.14,0.88,0.0,0.12,0.0,0.001,1245777.14,0.881,1.119,0.0,0.0,True,86
2026-09-20 16:57:28.080426+00:00,0.999,1244666.14,0.88,0.0,0.12,0.0,0.001,1245777.14,0.881,1.119,0.0,0.0,True,85
2026-09-20 16:57:28.080938+00:00,0.999,1244666.14,0.88,0.0,0.12,0.0,0.001,1244666.14,0.881,1.119,0.0,0.0,True,84
2026-09-20 16:57:37.130843+00:00,0.999,1174160.73,0.88,0.0,0.12,0.0,0.001,1244666.14,0.881,1.119,0.0,0.0,True,83
2026-09-20 16:57:37.131346+00:00,0.999,1174160.73,0.88,0.0,0.12,0.0,0.001,1174160.73,0.881,1.119,0.0,0.0,True,82
2026-09-20 16:57:43.116166+00:00,0.999,1110759.75,0.88,0.0,0.12,0.0,0.001,1174160.73,0.881,1.119,0.0,0.0,True,81
2026-09-20 16:57:43.117181+00:00,0.999,1110759.75,0.88,0.0,0.12,0.0,0.001,1110759.75,0.881,1.119,0.0,0.0,True,80
2026-09-20 16:58:00.145591+00:00,0.999,1020289.75,0.88,0.0,0.12,0.0,0.001,1110759.75,0.881,1.119,0.0,0.0,True,79
2026-09-20 16:58:00.146100+00:00,0.999,1020289.75,0.88,0.0,0.12,0.0,0.001,1020289.75,0.881,1.119,0.0,0.0,True,78
2026-09-20 16:58:06.120890+00:00,0.999,1019791.09,0.88,0.0,0.12,0.0,0.001,1020289.75,0.881,1.119,0.0,0.0,True,77
2026-09-20 16:58:06.121395+00:00,0.999,1019791.09,0.88,0.0,0.12,0.0,0.001,1019791.09,0.881,1.119,0.0,0.0,True,76
2026-09-20 16:58:10.122517+00:00,0.999,1019746.65,0.88,0.0,0.12,0.0,0.001,1019791.09,0.881,1.119,0.0,0.0,True,75
2026-09-20 16:58:10.123024+00:00,0.999,1019746.65,0.88,0.0,0.12,0.0,0.001,1019746.65,0.881,1.119,0.0,0.0,True,74
2026-09-20 16:58:13.089088+00:00,0.999,1019733.65,0.88,0.0,0.12,0.0,0.001,1019746.65,0.881,1.119,0.0,0.0,True,73
2026-09-20 16:58:13.089594+00:00,0.999,1019733.65,0.88,0.0,0.12,0.0,0.001,1019733.65,0.881,1.119,0.0,0.0,True,72
2026-09-20 16:58:16.143805+00:00,0.999,1019370.25,0.88,0.0,0.12,0.0,0.001,1019733.65,0.881,1.119,0.0,0.0,True,71
2026-09-20 16:58:16.144317+00:00,0.999,1019370.25,0.88,0.0,0.12,0.0,0.001,1019370.25,0.881,1.119,0.0,0.0,True,70
2026-09-20 16:58:29.118693+00:00,0.999,1019191.68,0.88,0.0,0.12,0.0,0.001,1019191.68,0.881,1.119,0.0,0.0,True,69
2026-09-20 16:58:33.120004+00:00,0.999,1018616.31,0.88,0.0,0.12,0.0,0.001,1019191.68,0.881,1.119,0.0,0.0,True,68
2026-09-20 16:58:33.120510+00:00,0.999,1018616.31,0.88,0.0,0.12,0.0,0.001,1018616.31,0.881,1.119,0.0,0.0,True,67
2026-09-20 16:58:35.136952+00:00,0.999,1018610.43,0.88,0.0,0.12,0.0,0.001,1018616.31,0.881,1.119,0.0,0.0,True,66
2026-09-20 16:58:35.137460+00:00,0.999,1018610.43,0.88,0.0,0.12,0.0,0.001,1018610.43,0.881,1.119,0.0,0.0,True,65
2026-09-20 16:58:55.126309+00:00,0.999,1018570.01,0.88,0.0,0.12,0.0,0.001,1018610.43,0.881,1.119,0.0,0.0,True,64
2026-09-20 16:58:55.126814+00:00,0.999,1018570.01,0.88,0.0,0.12,0.0,0.001,1018570.01,0.881,1.119,0.0,0.0,True,63
2026-09-20 16:59:03.167301+00:00,0.999,1018050.01,0.88,0.0,0.12,0.0,0.001,1018570.01,0.881,1.119,0.0,0.0,True,62
2026-09-20 16:59:03.168812+00:00,0.999,1018050.01,0.88,0.0,0.12,0.0,0.001,1018050.01,0.881,1.119,0.0,0.0,True,61
2026-09-20 16:59:25.111876+00:00,0.999,1018218.96,0.88,0.0,0.12,0.0,0.001,1018050.01,0.881,1.119,0.0,0.0,True,60
2026-09-20 16:59:25.112389+00:00,0.999,1018218.96,0.88,0.0,0.12,0.0,0.001,1018218.96,0.881,1.119,0.0,0.0,True,59
2026-09-20 16:59:26.112965+00:00,0.999,1018092.33,0.88,0.0,0.12,0.0,0.001,1018218.96,0.881,1.119,0.0,0.0,True,58
2026-09-20 16:59:26.113479+00:00,0.999,1018092.33,0.88,0.0,0.12,0.0,0.001,1018092.33,0.881,1.119,0.0,0.0,True,57
2026-09-20 16:59:33.123495+00:00,0.999,1018090.37,0.88,0.0,0.12,0.0,0.001,1018090.37,0.881,1.119,0.0,0.0,True,56
2026-09-20 16:59:37.119615+00:00,0.999,1017992.08,0.88,0.0,0.12,0.0,0.001,1018090.37,0.881,1.119,0.0,0.0,True,55
2026-09-20 16:59:37.120123+00:00,0.999,1017992.08,0.88,0.0,0.12,0.0,0.001,1017992.08,0.881,1.119,0.0,0.0,True,54
2026-09-20 16:59:39.135311+00:00,0.999,1017989.86,0.88,0.0,0.12,0.0,0.001,1017989.86,0.881,1.119,0.0,0.0,True,53
2026-09-20 16:59:46.113961+00:00,0.999,1017950.45,0.88,0.0,0.12,0.0,0.001,1017989.86,0.881,1.119,0.0,0.0,True,52
2026-09-20 16:59:46.114470+00:00,0.999,1017950.45,0.88,0.0,0.12,0.0,0.001,1017950.45,0.881,1.119,0.0,0.0,True,51
2026-09-20 16:59:49.110348+00:00,0.999,1017551.57,0.88,0.0,0.12,0.0,0.001,1017551.57,0.881,1.119,0.0,0.0,True,50
2026-09-20 16:59:57.143280+00:00,0.999,1017210.38,0.88,0.0,0.12,0.0,0.001,1017551.57,0.881,1.119,0.0,0.0,True,49
2026-09-20 16:59:57.218796+00:00,0.999,1017210.38,0.88,0.0,0.12,0.0,0.001,1017210.38,0.881,1.119,0.0,0.0,True,48
2026-09-20 17:00:01.477540+00:00,0.999,1017200.23,0.88,0.0,0.12,0.0,0.001,1017210.38,0.881,1.119,0.0,0.0,True,47
2026-09-20 17:00:01.478045+00:00,0.999,1017200.23,0.88,0.0,0.12,0.0,0.001,1017200.23,0.881,1.119,0.0,0.0,True,46
2026-09-20 17:00:08.209602+00:00,0.999,1012597.74,0.88,0.0,0.12,0.0,0.001,1017200.23,0.881,1.119,0.0,0.0,True,45
2026-09-20 17:00:08.210115+00:00,0.999,1012597.74,0.88,0.0,0.12,0.0,0.001,1012597.74,0.881,1.119,0.0,0.0,True,44
2026-09-20 17:00:22.136288+00:00,0.999,1027591.04,0.88,0.0,0.12,0.0,0.001,1012597.74,0.881,1.119,0.0,0.0,True,43
2026-09-20 17:00:22.136795+00:00,0.999,1027591.04,0.88,0.0,0.12,0.0,0.001,1027591.04,0.881,1.119,0.0,0.0,True,42
2026-09-20 17:00:29.124197+00:00,0.999,1027530.58,0.88,0.0,0.12,0.0,0.001,1027591.04,0.881,1.119,0.0,0.0,True,41
2026-09-20 17:00:29.124705+00:00,0.999,1027530.58,0.88,0.0,0.12,0.0,0.001,1027530.58,0.881,1.119,0.0,0.0,True,40
2026-09-20 17:01:11.127464+00:00,0.999,1027418.64,0.88,0.0,0.12,0.0,0.001,1027530.58,0.881,1.119,0.0,0.0,True,39
2026-09-20 17:01:11.127973+00:00,0.999,1027418.64,0.88,0.0,0.12,0.0,0.001,1027418.64,0.881,1.119,0.0,0.0,True,38
2026-09-20 17:01:16.144888+00:00,0.999,1027376.02,0.88,0.0,0.12,0.0,0.001,1027418.64,0.881,1.119,0.0,0.0,True,37
2026-09-20 17:01:16.145393+00:00,0.999,1027376.02,0.88,0.0,0.12,0.0,0.001,1027376.02,0.881,1.119,0.0,0.0,True,36
2026-09-20 17:01:18.137088+00:00,0.999,1026479.92,0.88,0.0,0.12,0.0,0.001,1027376.02,0.881,1.119,0.0,0.0,True,35
2026-09-20 17:01:18.137598+00:00,0.999,1026479.92,0.88,0.0,0.12,0.0,0.001,1026479.92,0.881,1.119,0.0,0.0,True,34
2026-09-20 17:01:29.121693+00:00,0.999,1026305.8,0.88,0.0,0.12,0.0,0.001,1026479.92,0.881,1.119,0.0,0.0,True,33
2026-09-20 17:01:29.122201+00:00,0.999,1026305.8,0.88,0.0,0.12,0.0,0.001,1026305.8,0.881,1.119,0.0,0.0,True,32
2026-09-20 17:01:38.252255+00:00,0.999,1022835.58,0.88,0.0,0.12,0.0,0.001,1022835.58,0.881,1.119,0.0,0.0,True,31
2026-09-20 17:02:37.130335+00:00,0.999,1022827.54,0.88,0.0,0.12,0.0,0.001,1022835.58,0.881,1.119,0.0,0.0,True,30
2026-09-20 17:02:37.130840+00:00,0.999,1022827.54,0.88,0.0,0.12,0.0,0.001,1022827.54,0.881,1.119,0.0,0.0,True,29
2026-09-20 17:03:24.162761+00:00,0.999,1022513.26,0.88,0.0,0.12,0.0,0.001,1022827.54,0.881,1.119,0.0,0.0,True,28
2026-09-20 17:03:24.163270+00:00,0.999,1022513.26,0.88,0.0,0.12,0.0,0.001,1022513.26,0.881,1.119,0.0,0.0,True,27
2026-09-20 17:03:30.198852+00:00,0.999,1022462.09,0.88,0.0,0.12,0.0,0.001,1022513.26,0.881,1.119,0.0,0.0,True,26
2026-09-20 17:03:30.199363+00:00,0.999,1022462.09,0.88,0.0,0.12,0.0,0.001,1022462.09,0.881,1.119,0.0,0.0,True,25
2026-09-20 17:04:20.079531+00:00,0.999,1022086.19,0.88,0.0,0.12,0.0,0.001,1022086.19,0.881,1.119,0.0,0.0,True,24
2026-09-20 17:04:51.147520+00:00,0.999,1022064.5,0.88,0.0,0.12,0.0,0.001,1022086.19,0.881,1.119,0.0,0.0,True,23
2026-09-20 17:04:51.148026+00:00,0.999,1022064.5,0.88,0.0,0.12,0.0,0.001,1022064.5,0.881,1.119,0.0,0.0,True,22
2026-09-20 17:04:57.132025+00:00,0.999,1021419.34,0.88,0.0,0.12,0.0,0.001,1022064.5,0.881,1.119,0.0,0.0,True,21
2026-09-20 17:04:57.132532+00:00,0.999,1021419.34,0.88,0.0,0.12,0.0,0.001,1021419.34,0.881,1.119,0.0,0.0,True,20
2026-09-20 17:05:28.141877+00:00,0.999,1021144.87,0.88,0.0,0.12,0.0,0.001,1021419.34,0.881,1.119,0.0,0.0,True,19
2026-09-20 17:05:28.142382+00:00,0.999,1021144.87,0.88,0.0,0.12,0.0,0.001,1021144.87,0.881,1.119,0.0,0.0,True,18
2026-09-20 17:05:33.553660+00:00,0.999,1021124.87,0.88,0.0,0.12,0.0,0.001,1021144.87,0.881,1.119,0.0,0.0,True,17
2026-09-20 17:05:33.554165+00:00,0.999,1021124.87,0.88,0.0,0.12,0.0,0.001,1021124.87,0.881,1.119,0.0,0.0,True,16
2026-09-20 17:06:16.152539+00:00,0.999,1021078.0,0.88,0.0,0.12,0.0,0.001,1021124.87,0.881,1.119,0.0,0.0,True,15
2026-09-20 17:06:16.153046+00:00,0.999,1021078.0,0.88,0.0,0.12,0.0,0.001,1021078.0,0.881,1.119,0.0,0.0,True,14
2026-09-20 17:07:22.293037+00:00,0.999,1014814.3,0.88,0.0,0.12,0.0,0.001,1021078.0,0.881,1.119,0.0,0.0,True,13
2026-09-20 17:07:22.293539+00:00,0.999,1014814.3,0.88,0.0,0.12,0.0,0.001,1014814.3,0.881,1.119,0.0,0.0,True,12
2026-09-20 17:07:56.287328+00:00,0.999,1013019.3,0.88,0.0,0.12,0.0,0.001,1014814.3,0.881,1.119,0.0,0.0,True,11
2026-09-20 17:07:56.319901+00:00,0.999,1013019.3,0.88,0.0,0.12,0.0,0.001,1013019.3,0.881,1.119,0.0,0.0,True,10
2026-09-20 17:08:04.226748+00:00,0.999,1012968.43,0.88,0.0,0.12,0.0,0.001,1012968.43,0.881,1.119,0.0,0.0,True,9
2026-09-20 17:09:29.114715+00:00,0.999,1012627.44,0.88,0.0,0.12,0.0,0.001,1012968.43,0.881,1.119,0.0,0.0,True,8
2026-09-20 17:09:29.115219+00:00,0.999,1012627.44,0.88,0.0,0.12,0.0,0.001,1012627.44,0.881,1.119,0.0,0.0,True,7
2026-09-20 17:12:24.080233+00:00,0.999,997107.44,0.88,0.0,0.12,0.0,0.001,1012627.44,0.881,1.119,0.0,0.0,True,6
2026-09-20 17:12:24.080738+00:00,0.999,997107.44,0.88,0.0,0.12,0.0,0.001,997107.44,0.881,1.119,0.0,0.0,True,5
2026-09-20 17:16:14.278523+00:00,0.999,996851.75,0.88,0.0,0.12,0.0,0.001,996851.75,0.881,1.119,0.0,0.0,True,4
2026-09-20 17:20:57.210130+00:00,0.999,909376.94,0.88,0.0,0.12,0.0,0.001,996851.75,0.881,1.119,0.0,0.0,True,3
2026-09-20 17:20:57.210633+00:00,0.999,909376.94,0.88,0.0,0.12,0.0,0.001,909376.94,0.881,1.119,0.0,0.0,True,2
2026-09-20 17:23:16.133663+00:00,0.999,909289.63,0.88,0.0,0.12,0.0,0.001,909289.63,0.881,1.119,0.0,0.0,True,1
